Timestamp,Pose,Calibration_Valid,Combined_Eye_Gaze_Valid,Combined_Eye_Gaze_Origin,Combined_Eye_Gaze_Direction,Left_Eye_Gaze_Valid,Left_Eye_Gaze_Origin,Left_Eye_Gaze_Direction,Right_Eye_Gaze_Valid,Right_Eye_Gaze_Origin,Right_Eye_Gaze_Direction,Left_Eye_Openness_Valid,Left_Eye_Openness,Right_Eye_Openness_Valid,Right_Eye_Openness,Vergence_Distance_Valid,Vergence_Distance,Target
7.91216E+11,"[[0. 0. 0. 0.]
 [0. 0. 0. 0.]
 [0. 0. 0. 0.]
 [0. 0. 0. 0.]]",FALSE,FALSE,[0. 0. 0.],[0. 0. 0.],FALSE,[0. 0. 0.],[0. 0. 0.],FALSE,[0. 0. 0.],[0. 0. 0.],FALSE,0,FALSE,0,FALSE,0,FALSE
7.91216E+11,"[[0. 0. 0. 0.]
 [0. 0. 0. 0.]
 [0. 0. 0. 0.]
 [0. 0. 0. 0.]]",FALSE,FALSE,[0. 0. 0.],[0. 0. 0.],FALSE,[0. 0. 0.],[0. 0. 0.],FALSE,[0. 0. 0.],[0. 0. 0.],FALSE,0,FALSE,0,FALSE,0,FALSE
7.91216E+11,"[[ 0.29643667 -0.9537162   0.05050367  0.        ]
 [-0.48613054 -0.10516036  0.8675358   0.        ]
 [-0.822072   -0.28172085 -0.4948039   0.        ]
 [-0.13838625  0.04596531 -0.0090189   1.        ]]",TRUE,FALSE,[0. 0. 0.],[0. 0. 0.],FALSE,[0. 0. 0.],[0. 0. 0.],FALSE,[0. 0. 0.],[0. 0. 0.],FALSE,0,FALSE,0,FALSE,0,FALSE
7.91216E+11,"[[ 0.29643667 -0.9537162   0.05050367  0.        ]
 [-0.48613054 -0.10516036  0.8675358   0.        ]
 [-0.822072   -0.28172085 -0.4948039   0.        ]
 [-0.13838625  0.04596531 -0.0090189   1.        ]]",TRUE,FALSE,[0. 0. 0.],[0. 0. 0.],FALSE,[0. 0. 0.],[0. 0. 0.],FALSE,[0. 0. 0.],[0. 0. 0.],FALSE,0,FALSE,0,FALSE,0,FALSE
7.91216E+11,"[[ 0.2771954  -0.95825875  0.070021    0.        ]
 [-0.5622591  -0.10268533  0.8205611   0.        ]
 [-0.77911973 -0.26682574 -0.5672536   0.        ]
 [-0.1353302   0.04833543 -0.01966429  1.        ]]",TRUE,FALSE,[0. 0. 0.],[0. 0. 0.],FALSE,[0. 0. 0.],[0. 0. 0.],FALSE,[0. 0. 0.],[0. 0. 0.],FALSE,0,FALSE,0,FALSE,0,FALSE
7.91216E+11,"[[ 0.26319313 -0.96120703  0.08252501  0.        ]
 [-0.611017   -0.09988403  0.78529054  0.        ]
 [-0.7465839  -0.2571072  -0.61360264  0.        ]
 [-0.13265038  0.04991704 -0.02665615  1.        ]]",TRUE,FALSE,[0. 0. 0.],[0. 0. 0.],TRUE,[ 0.04873933 -0.02181641 -0.0292797 ],[ 0.14122497 -0.53386563  0.83369243],FALSE,[0. 0. 0.],[0. 0. 0.],FALSE,0,FALSE,0,FALSE,0,FALSE
7.91216E+11,"[[ 0.263193   -0.96120703  0.08252516  0.        ]
 [-0.6110176  -0.09988427  0.78529024  0.        ]
 [-0.7465836  -0.25710726 -0.61360335  0.        ]
 [-0.13265133  0.04991692 -0.02665663  1.        ]]",TRUE,FALSE,[0. 0. 0.],[0. 0. 0.],TRUE,[ 0.04873933 -0.02181641 -0.0292797 ],[ 0.14122497 -0.53386563  0.83369243],FALSE,[0. 0. 0.],[0. 0. 0.],FALSE,0,FALSE,0,FALSE,0,FALSE
7.91217E+11,"[[ 0.23376793 -0.9664505   0.10642347  0.        ]
 [-0.70154554 -0.091874    0.70667744  0.        ]
 [-0.6731912  -0.23985937 -0.69948626  0.        ]
 [-0.12587309  0.05295044 -0.04011345  1.        ]]",TRUE,FALSE,[0. 0. 0.],[0. 0. 0.],TRUE,[ 0.0487455  -0.02293854 -0.02740453],[-0.04517112 -0.5686571   0.8213334 ],FALSE,[0. 0. 0.],[0. 0. 0.],FALSE,0,FALSE,0,FALSE,0,FALSE
7.91217E+11,"[[ 0.218705   -0.96872103  0.11725098  0.        ]
 [-0.7419313  -0.0870378   0.6648026   0.        ]
 [-0.63380295 -0.23238786 -0.73776007  0.        ]
 [-0.12188244  0.05433059 -0.04625416  1.        ]]",TRUE,FALSE,[0. 0. 0.],[0. 0. 0.],TRUE,[ 0.0487025  -0.02162717 -0.02992985],[-0.04559476 -0.61532056  0.7869573 ],FALSE,[0. 0. 0.],[0. 0. 0.],FALSE,0,FALSE,0,FALSE,0,FALSE
7.91217E+11,"[[ 0.20338255 -0.97083473  0.12694687  0.        ]
 [-0.7788675  -0.08185685  0.62182385  0.        ]
 [-0.5932967  -0.22534288 -0.77279973  0.        ]
 [-0.11766243  0.05566567 -0.05210257  1.        ]]",TRUE,FALSE,[0. 0. 0.],[0. 0. 0.],TRUE,[ 0.04882085 -0.02153442 -0.02983076],[-0.04045919 -0.60674644  0.79386514],FALSE,[0. 0. 0.],[0. 0. 0.],FALSE,0,FALSE,0,FALSE,0,FALSE
7.91217E+11,"[[ 0.20338255 -0.97083473  0.12694687  0.        ]
 [-0.7788675  -0.08185685  0.62182385  0.        ]
 [-0.5932967  -0.22534288 -0.77279973  0.        ]
 [-0.11766243  0.05566567 -0.05210257  1.        ]]",FALSE,FALSE,[0. 0. 0.],[0. 0. 0.],FALSE,[ 0.04882085 -0.02153442 -0.02983076],[-0.04045919 -0.60674644  0.79386514],FALSE,[0. 0. 0.],[0. 0. 0.],FALSE,0,FALSE,0,FALSE,0,FALSE
7.91217E+11,"[[ 0.17221063 -0.9744939   0.14389314  0.        ]
 [-0.84231836 -0.06994045  0.5344234   0.        ]
 [-0.5107284  -0.21323727 -0.8328786   0.        ]
 [-0.10815763  0.05791324 -0.06229019  1.        ]]",TRUE,FALSE,[0. 0. 0.],[0. 0. 0.],TRUE,[ 0.04882555 -0.0203972  -0.02974365],[-0.0596361  -0.52306575  0.8502034 ],TRUE,[ 0.05059611 -0.08446287 -0.03181959],[-0.05987455 -0.5410791   0.83883756],FALSE,0,FALSE,0,FALSE,0,FALSE
7.91217E+11,"[[ 0.15680504 -0.975879    0.15189561  0.        ]
 [-0.8689435  -0.06322074  0.49085674  0.        ]
 [-0.46941385 -0.20895752 -0.85789704  0.        ]
 [-0.1033287   0.05886227 -0.06692266  1.        ]]",TRUE,FALSE,[0. 0. 0.],[0. 0. 0.],TRUE,[ 0.04884789 -0.02004632 -0.02933299],[-0.05673337 -0.48459488  0.872897  ],TRUE,[ 0.05060511 -0.0834077  -0.03093994],[-0.06184688 -0.41979387  0.9055098 ],FALSE,0,FALSE,0,FALSE,0,FALSE
7.91217E+11,"[[ 0.1418001  -0.976844    0.16021396  0.        ]
 [-0.8923567  -0.05608594  0.44783238  0.        ]
 [-0.42847663 -0.2064707  -0.8796463   0.        ]
 [-0.09838629  0.05960613 -0.07114553  1.        ]]",TRUE,FALSE,[0. 0. 0.],[0. 0. 0.],TRUE,[ 0.04880505 -0.01970762 -0.02903263],[-0.06708289 -0.4446325   0.89319754],TRUE,[ 0.05057037 -0.08336539 -0.03093423],[-0.070602   -0.41049355  0.90912616],FALSE,0,FALSE,0,FALSE,0,FALSE
7.91217E+11,"[[ 0.12700826 -0.97745115  0.1686955   0.        ]
 [-0.9128265  -0.04863727  0.40544078  0.        ]
 [-0.38809365 -0.20548406 -0.8984207   0.        ]
 [-0.0930295   0.06006515 -0.07468462  1.        ]]",TRUE,TRUE,[ 0.04947806 -0.04622468 -0.02968295],[-0.07444498 -0.36962762  0.92619294],TRUE,[ 0.04874602 -0.01920274 -0.02897873],[-0.07287022 -0.38456842  0.92021567],TRUE,[ 0.05047144 -0.08289392 -0.0306386 ],[-0.07655078 -0.349198    0.93391687],FALSE,0,FALSE,0,FALSE,0,FALSE
7.91217E+11,"[[ 0.11240679 -0.9778666   0.17647004  0.        ]
 [-0.9304605  -0.04125726  0.36406195  0.        ]
 [-0.34872335 -0.20512144 -0.9145038   0.        ]
 [-0.08799362  0.06057769 -0.07813978  1.        ]]",TRUE,FALSE,[ 0.04947806 -0.04622468 -0.02968295],[-0.07444498 -0.36962762  0.92619294],TRUE,[ 0.04867465 -0.01878    -0.02890614],[-0.07948093 -0.35112736  0.93294823],TRUE,[ 0.05037815 -0.08225114 -0.03015192],[-0.08421049 -0.28809902  0.9538907 ],FALSE,0,FALSE,0,FALSE,0,FALSE
7.91218E+11,"[[ 0.09778553 -0.97826874  0.18283305  0.        ]
 [-0.9454324  -0.03394067  0.32404506  0.        ]
 [-0.31079772 -0.20454317 -0.92820585  0.        ]
 [-0.083004    0.06110787 -0.0812192   1.        ]]",TRUE,FALSE,[ 0.04947806 -0.04622468 -0.02968295],[-0.07444498 -0.36962762  0.92619294],TRUE,[ 0.04863897 -0.01840195 -0.02877761],[-0.081715   -0.30178046  0.9498691 ],TRUE,[ 0.05026821 -0.08167607 -0.02980121],[-0.08681923 -0.21359956  0.9730559 ],FALSE,0,FALSE,0,FALSE,0,FALSE
7.91218E+11,"[[ 0.08337808 -0.97875994  0.18728818  0.        ]
 [-0.9579422  -0.02693617  0.285694    0.        ]
 [-0.27458102 -0.20323186 -0.9398413   0.        ]
 [-0.07768965  0.06150126 -0.08348274  1.        ]]",TRUE,FALSE,[ 0.04947806 -0.04622468 -0.02968295],[-0.07444498 -0.36962762  0.92619294],TRUE,[ 0.04861053 -0.01801018 -0.02872484],[-0.09134682 -0.25748268  0.96195555],TRUE,[ 0.05015288 -0.08142716 -0.02968898],[-0.09600534 -0.1830683   0.9784013 ],FALSE,0,FALSE,0,FALSE,0,FALSE
7.91218E+11,"[[ 0.06986159 -0.97932464  0.18984896  0.        ]
 [-0.96812445 -0.02067304  0.24961486  0.        ]
 [-0.24052924 -0.20123592 -0.9495524   0.        ]
 [-0.07292271  0.06209278 -0.0857954   1.        ]]",TRUE,FALSE,[ 0.04947806 -0.04622468 -0.02968295],[-0.07444498 -0.36962762  0.92619294],TRUE,[ 0.04858641 -0.01766798 -0.02870848],[-0.08930876 -0.20444107  0.97479624],TRUE,[ 0.05013119 -0.08091562 -0.02948561],[-0.09312762 -0.10948486  0.9896163 ],FALSE,0,FALSE,0,FALSE,0,FALSE
7.91218E+11,"[[ 0.05745018 -0.97994626  0.19080046  0.        ]
 [-0.97629035 -0.01519299  0.21593136  0.        ]
 [-0.2087023  -0.19868192 -0.957585    0.        ]
 [-0.06832266  0.06268686 -0.08772707  1.        ]]",TRUE,TRUE,[ 0.04909064 -0.03946019 -0.02898008],[-0.08477484 -0.15333512  0.9845311 ],TRUE,[ 0.04857613 -0.01739356 -0.02864271],[-0.08358229 -0.17872708  0.98034203],TRUE,[ 0.05005537 -0.08083695 -0.02961269],[-0.08685921 -0.10544867  0.99062407],FALSE,0,FALSE,0,FALSE,0,FALSE
7.91218E+11,"[[ 0.04612511 -0.9805682   0.19067903  0.        ]
 [-0.98279595 -0.01037133  0.18440303  0.        ]
 [-0.17884214 -0.1959042  -0.9641769   0.        ]
 [-0.06367683  0.06311482 -0.0888443   1.        ]]",TRUE,FALSE,[ 0.04909064 -0.03946019 -0.02898008],[-0.08477484 -0.15333512  0.9845311 ],TRUE,[ 0.04858522 -0.01706987 -0.02867968],[-0.08456146 -0.14995895  0.98506945],TRUE,[ 0.05007422 -0.08025115 -0.0292971 ],[-0.08820245 -0.04672692  0.99500597],FALSE,0,FALSE,0,FALSE,0,FALSE
7.91218E+11,"[[ 0.0359171  -0.98111916  0.19003946  0.        ]
 [-0.9878738  -0.00611448  0.15513828  0.        ]
 [-0.15104714 -0.19330713 -0.96944153  0.        ]
 [-0.05943901  0.06365189 -0.09008482  1.        ]]",TRUE,FALSE,[ 0.04909064 -0.03946019 -0.02898008],[-0.08477484 -0.15333512  0.9845311 ],TRUE,[ 0.04859434 -0.01684101 -0.02862131],[-0.07451065 -0.11624262  0.99042207],TRUE,[ 0.05004663 -0.08019512 -0.02940854],[-0.07756435 -0.03242941  0.9964597 ],FALSE,0,FALSE,0,FALSE,0,FALSE
7.91218E+11,"[[ 1.88736916e-02 -9.82390940e-01  1.85881391e-01  0.00000000e+00]
 [-9.94628370e-01  4.76419926e-04  1.03509367e-01  0.00000000e+00]
 [-1.01775214e-01 -1.86836511e-01 -9.77104902e-01  0.00000000e+00]
 [-5.14606573e-02  6.47311434e-02 -9.11066681e-02  1.00000000e+00]]",TRUE,TRUE,[ 0.04902322 -0.03595436 -0.02891987],[-0.08633586 -0.14250839  0.986021  ],TRUE,[ 0.04860361 -0.01709774 -0.02868479],[-0.08831859 -0.1484265   0.9849719 ],TRUE,[ 0.05005228 -0.08023957 -0.02940411],[-0.09157658 -0.04064623  0.9949682 ],FALSE,0,FALSE,0,FALSE,0,FALSE
7.91218E+11,"[[ 0.01225179 -0.9830878   0.18272507  0.        ]
 [-0.9967189   0.00261492  0.08090039  0.        ]
 [-0.08001002 -0.18311669 -0.97983015  0.        ]
 [-0.04786559  0.06531034 -0.09150006  1.        ]]",TRUE,FALSE,[ 0.04902322 -0.03595436 -0.02891987],[-0.08633586 -0.14250839  0.986021  ],TRUE,[ 0.04864063 -0.01701146 -0.02864471],[-0.09451673 -0.12787013  0.98727703],TRUE,[ 0.05010271 -0.08032512 -0.02956338],[-0.09749087 -0.03903829  0.99447054],FALSE,0,FALSE,0,FALSE,0,FALSE
7.91219E+11,"[[ 0.00680715 -0.98374766  0.17942718  0.        ]
 [-0.9981641   0.00411445  0.06042624  0.        ]
 [-0.0601824  -0.17950912 -0.98191357  0.        ]
 [-0.04451358  0.06583336 -0.09168212  1.        ]]",TRUE,FALSE,[ 0.04902322 -0.03595436 -0.02891987],[-0.08633586 -0.14250839  0.986021  ],TRUE,[ 0.04872423 -0.01677705 -0.02861194],[-0.08915412 -0.10264481  0.9907147 ],TRUE,[ 0.05021174 -0.08006953 -0.029461  ],[-0.09206972 -0.0116032   0.995685  ],FALSE,0,FALSE,0,FALSE,0,FALSE
7.91219E+11,"[[ 0.00224429 -0.9843441   0.17624295  0.        ]
 [-0.99909854  0.0052641   0.04212277  0.        ]
 [-0.04239105 -0.17617862 -0.9834449   0.        ]
 [-0.04153189  0.06624987 -0.09122606  1.        ]]",TRUE,TRUE,[ 0.04935125 -0.04017164 -0.02892215],[-0.07468357 -0.06240417  0.9952528 ],TRUE,[ 0.04877393 -0.0164379  -0.02875884],[-0.07360274 -0.0963138   0.99262595],TRUE,[ 0.05031357 -0.07973315 -0.02919437],[-0.07629288 -0.0057199   0.99706906],FALSE,0,FALSE,0,FALSE,0,FALSE
7.91219E+11,"[[-0.00149429 -0.98488134  0.17322421  0.        ]
 [-0.9996447   0.0060814   0.02595381  0.        ]
 [-0.02661487 -0.17312387 -0.98454046  0.        ]
 [-0.0390205   0.06653418 -0.08984405  1.        ]]",TRUE,FALSE,[ 0.04935125 -0.04017164 -0.02892215],[-0.07468357 -0.06240417  0.9952528 ],TRUE,[ 0.04881025 -0.01629092 -0.02873996],[-0.06823887 -0.07556371  0.99480325],TRUE,[ 0.05034788 -0.07964537 -0.02919615],[-0.07030091  0.00808075  0.997493  ],FALSE,0,FALSE,0,FALSE,0,FALSE
7.91219E+11,"[[-0.00446951 -0.9853874   0.17026985  0.        ]
 [-0.9999065   0.00660485  0.01197667  0.        ]
 [-0.01292627 -0.1702004  -0.98532474  0.        ]
 [-0.03645552  0.0669622  -0.08948024  1.        ]]",TRUE,TRUE,[ 0.04937256 -0.03967824 -0.02887482],[-0.07120803 -0.05211633  0.99609905],TRUE,[ 0.04882374 -0.01612933 -0.0287266 ],[-0.06379907 -0.06704161  0.99570835],TRUE,[ 0.05038815 -0.079392   -0.02900343],[-0.06617614  0.02647492  0.99745667],FALSE,0,FALSE,0,FALSE,0,FALSE
7.91219E+11,"[[-6.7350864e-03 -9.8590875e-01  1.6714840e-01  0.0000000e+00]
 [-9.9997675e-01  6.8202615e-03 -6.3814223e-05  0.0000000e+00]
 [-1.0770857e-03 -1.6714495e-01 -9.8593187e-01  0.0000000e+00]
 [-3.4513596e-02  6.7372128e-02 -8.7695889e-02  1.0000000e+00]]",TRUE,FALSE,[ 0.04937256 -0.03967824 -0.02887482],[-0.07120803 -0.05211633  0.99609905],TRUE,[ 0.04885451 -0.01601125 -0.02870701],[-0.0618174  -0.04626053  0.9970148 ],TRUE,[ 0.05041674 -0.0792492  -0.02894581],[-0.06417766  0.04980895  0.99669474],FALSE,0,FALSE,0,FALSE,0,FALSE
7.91219E+11,"[[-0.00837564 -0.9864422   0.16389623  0.        ]
 [-0.999926    0.00681168 -0.01010006  0.        ]
 [ 0.00884668 -0.16396868 -0.98642623  0.        ]
 [-0.03246507  0.06783125 -0.08706158  1.        ]]",TRUE,TRUE,[ 0.04941897 -0.04047043 -0.02885581],[-0.06532411 -0.04400602  0.9968933 ],TRUE,[ 0.0488331  -0.0156758  -0.02895511],[-0.05337225 -0.06867043  0.99621063],TRUE,[ 0.05046072 -0.07893783 -0.0286258 ],[-0.05642821  0.02441056  0.99810827],FALSE,0,FALSE,0,FALSE,0,FALSE
7.91219E+11,"[[-0.00946057 -0.9869807   0.16055977  0.        ]
 [-0.9998089   0.00659037 -0.01840078  0.        ]
 [ 0.01710309 -0.16070318 -0.9868543   0.        ]
 [-0.03065203  0.06832628 -0.08632241  1.        ]]",TRUE,TRUE,[ 0.04954884 -0.04464006 -0.02876147],[-0.064309   -0.04548779  0.99689275],TRUE,[ 0.04874858 -0.01495023 -0.02965534],[-0.06037967 -0.10376381  0.9927675 ],TRUE,[ 0.0505347  -0.07829497 -0.02788871],[-0.06465943 -0.02285429  0.9976457 ],FALSE,0,FALSE,0,FALSE,0,FALSE
7.91219E+11,"[[-0.01000142 -0.9875427   0.15703294  0.        ]
 [-0.9996645   0.00612205 -0.02516828  0.        ]
 [ 0.02389339 -0.15723197 -0.9872726   0.        ]
 [-0.02887198  0.06892788 -0.08506028  1.        ]]",TRUE,TRUE,[ 0.04963504 -0.04732975 -0.02868894],[-0.06291841 -0.04355437  0.997068  ],TRUE,[ 0.04877101 -0.01501583 -0.02950985],[-0.05844392 -0.1048165   0.9927728 ],TRUE,[ 0.05054594 -0.07826067 -0.02787855],[-0.06246611 -0.01164897  0.99797916],FALSE,0,FALSE,0,FALSE,0,FALSE
7.91219E+11,"[[-0.00996423 -0.9881415   0.15322122  0.        ]
 [-0.9995218   0.00535822 -0.03044724  0.        ]
 [ 0.02926523 -0.15345137 -0.9877224   0.        ]
 [-0.0274712   0.06952469 -0.08413236  1.        ]]",TRUE,FALSE,[ 0.04963504 -0.04732975 -0.02868894],[-0.06291841 -0.04355437  0.997068  ],TRUE,[ 0.048851   -0.01500816 -0.02938712],[-0.05278418 -0.06599766  0.99642265],TRUE,[ 0.05057167 -0.07838264 -0.02805111],[-0.05586236  0.01312039  0.9983523 ],FALSE,0,FALSE,0,FALSE,0,FALSE
7.9122E+11,"[[-0.00936341 -0.988768    0.14916512  0.        ]
 [-0.9993968   0.00426477 -0.03446425  0.        ]
 [ 0.033441   -0.14939785 -0.9882115   0.        ]
 [-0.02625628  0.07016763 -0.08313102  1.        ]]",TRUE,TRUE,[ 0.0496515  -0.04708773 -0.02869154],[-0.05745908 -0.03647437  0.9976814 ],TRUE,[ 0.04888108 -0.01504097 -0.02932206],[-0.04674607 -0.06562429  0.9967488 ],TRUE,[ 0.05063251 -0.07837418 -0.02805373],[-0.04985135  0.0181267   0.99859214],FALSE,0,FALSE,0,FALSE,0,FALSE
7.9122E+11,"[[-0.00828803 -0.9894123   0.14489517  0.        ]
 [-0.99929786  0.00290048 -0.03735442  0.        ]
 [ 0.03653867 -0.14510302 -0.98874164  0.        ]
 [-0.02500546  0.07090148 -0.08189818  1.        ]]",TRUE,TRUE,[ 0.04988223 -0.05026335 -0.02857337],[-0.04761056 -0.01653652  0.9987291 ],TRUE,[ 0.04890756 -0.01504112 -0.02927552],[-0.04580437 -0.06548192  0.9968019 ],TRUE,[ 0.05065905 -0.07833582 -0.02801376],[-0.04896818  0.02250198  0.9985469 ],FALSE,0,FALSE,0,FALSE,0,FALSE
7.9122E+11,"[[-0.00688148 -0.9900756   0.14036721  0.        ]
 [-0.9992317   0.00139201 -0.03916854  0.        ]
 [ 0.03858443 -0.14052889 -0.98932445  0.        ]
 [-0.02411559  0.0716088  -0.08077955  1.        ]]",TRUE,TRUE,[ 0.04992995 -0.05130241 -0.02854364],[-0.04628523 -0.0160968   0.99879867],TRUE,[ 0.04893783 -0.01490082 -0.02937168],[-0.04199487 -0.06341884  0.99710304],TRUE,[ 0.05069719 -0.07824904 -0.02792036],[-0.04502945  0.01805099  0.9988227 ],FALSE,0,FALSE,0,FALSE,0,FALSE
7.9122E+11,"[[-5.29921055e-03 -9.90714371e-01  1.35855958e-01  0.00000000e+00]
 [-9.99208510e-01 -1.09910965e-04 -3.97773199e-02  0.00000000e+00]
 [ 3.94228995e-02 -1.35959223e-01 -9.89929676e-01  0.00000000e+00]
 [-2.33983342e-02  7.23335445e-02 -7.96057358e-02  1.00000000e+00]]",TRUE,TRUE,[ 0.04995614 -0.05159742 -0.02853019],[-0.04310209 -0.01550135  0.9989505 ],TRUE,[ 0.04896826 -0.01493008 -0.02932203],[-0.03555239 -0.06334156  0.9973585 ],TRUE,[ 0.05073654 -0.07826141 -0.0279303 ],[-0.03849098  0.01981061  0.99906254],FALSE,0,FALSE,0,FALSE,0,FALSE
7.9122E+11,"[[-0.00364077 -0.9913385   0.13128161  0.        ]
 [-0.99922943 -0.00152421 -0.0392202   0.        ]
 [ 0.03908059 -0.13132325 -0.9905691   0.        ]
 [-0.02264633  0.07314636 -0.07837324  1.        ]]",TRUE,TRUE,[ 0.04995204 -0.05136605 -0.02852722],[-0.04200912 -0.01355954  0.99902534],TRUE,[ 0.04893899 -0.01489296 -0.02932345],[-0.03835258 -0.06276875  0.9972909 ],TRUE,[ 0.05070786 -0.07813442 -0.02790036],[-0.0418798   0.03043853  0.9986589 ],FALSE,0,FALSE,0,FALSE,0,FALSE
7.9122E+11,"[[-0.00193131 -0.99195415  0.12658232  0.        ]
 [-0.99928397 -0.00286829 -0.03772438  0.        ]
 [ 0.03778394 -0.12656456 -0.99123836  0.        ]
 [-0.02223617  0.07387412 -0.07710612  1.        ]]",TRUE,TRUE,[ 0.04983772 -0.05257396 -0.02848194],[-0.06811778  0.01139543  0.9976122 ],TRUE,[ 0.04876066 -0.01491211 -0.02927391],[-0.06590496 -0.06365046  0.9957937 ],TRUE,[ 0.05056114 -0.07786997 -0.02795   ],[-0.06938843  0.06176483  0.99567586],FALSE,0,FALSE,0,FALSE,0,FALSE
7.9122E+11,"[[-2.0325184e-04 -9.9252063e-01  1.2207647e-01  0.0000000e+00]
 [-9.9936408e-01 -4.1509867e-03 -3.5413750e-02  0.0000000e+00]
 [ 3.5655621e-02 -1.2200604e-01 -9.9188852e-01  0.0000000e+00]
 [-2.1961898e-02  7.4576452e-02 -7.5816579e-02  1.0000000e+00]]",TRUE,FALSE,[ 0.04983772 -0.05257396 -0.02848194],[-0.06811778  0.01139543  0.9976122 ],TRUE,[ 0.04873711 -0.01473043 -0.02932978],[-0.06608635 -0.02332353  0.9975413 ],TRUE,[ 0.05050057 -0.07783855 -0.02811159],[-0.06897472  0.08498162  0.9939924 ],FALSE,0,FALSE,0,FALSE,0,FALSE
7.9122E+11,"[[ 0.00155091 -0.99302876  0.11786066  0.        ]
 [-0.9994606  -0.00540471 -0.0323884   0.        ]
 [ 0.03279965 -0.11774687 -0.9925015   0.        ]
 [-0.02160925  0.07532986 -0.07453024  1.        ]]",TRUE,FALSE,[ 0.04983772 -0.05257396 -0.02848194],[-0.06811778  0.01139543  0.9976122 ],TRUE,[ 0.04877241 -0.01463959 -0.02932012],[-0.05055603 -0.0121453   0.99864733],TRUE,[ 0.05058363 -0.07781371 -0.02805716],[-0.05361513  0.08784706  0.9946901 ],FALSE,0,FALSE,0,FALSE,0,FALSE
7.9122E+11,"[[ 0.00333512 -0.9935062   0.11372866  0.        ]
 [-0.999563   -0.00665224 -0.02880053  0.        ]
 [ 0.02937005 -0.11358291 -0.9930942   0.        ]
 [-0.02157671  0.07596512 -0.07321043  1.        ]]",TRUE,TRUE,[ 0.04979926 -0.05001948 -0.02857696],[-0.06143736  0.02189169  0.9978708 ],TRUE,[ 0.04879951 -0.01461671 -0.02931762],[-0.04734877 -0.00422689  0.9988694 ],TRUE,[ 0.05065143 -0.07789947 -0.0280738 ],[-0.0504496   0.08355043  0.9952256 ],FALSE,0,FALSE,0,FALSE,0,FALSE
7.91221E+11,"[[ 0.00516307 -0.9939356   0.10984361  0.        ]
 [-0.9996675  -0.00790608 -0.02454847  0.        ]
 [ 0.025268   -0.10968032 -0.9936459   0.        ]
 [-0.02166518  0.07655496 -0.07188341  1.        ]]",TRUE,TRUE,[ 0.04982445 -0.04874467 -0.02862975],[-0.04779875  0.03956493  0.99807316],TRUE,[ 0.04882913 -0.01465278 -0.02931087],[-0.04604573 -0.00794421  0.9989078 ],TRUE,[ 0.05067657 -0.07793207 -0.02804663],[-0.04921369  0.08016834  0.99556565],FALSE,0,FALSE,0,FALSE,0,FALSE
7.91221E+11,"[[ 0.00703424 -0.99431056  0.10628562  0.        ]
 [-0.999765   -0.00917149 -0.01963597  0.        ]
 [ 0.02049907 -0.10612253 -0.99414134  0.        ]
 [-0.02168619  0.07719707 -0.07061547  1.        ]]",TRUE,TRUE,[ 0.04981835 -0.04807573 -0.02863266],[-0.04577079  0.0384417   0.99821204],TRUE,[ 0.04886787 -0.01472625 -0.02925443],[-0.04026339 -0.00935601  0.99914527],TRUE,[ 0.05069637 -0.07800163 -0.02805623],[-0.04355369  0.07907984  0.9959164 ],FALSE,0,FALSE,0,FALSE,0,FALSE
7.91221E+11,"[[ 0.01093674 -0.9949677   0.09959705  0.        ]
 [-0.99989414 -0.01183724 -0.0084567   0.        ]
 [ 0.0095931  -0.09949403 -0.9949918   0.        ]
 [-0.02238903  0.07819331 -0.06788876  1.        ]]",TRUE,FALSE,[ 0.04981835 -0.04807573 -0.02863266],[-0.04577079  0.0384417   0.99821204],TRUE,[ 0.04893773 -0.01481388 -0.0292138 ],[-0.03216372 -0.01934548  0.99929535],TRUE,[ 0.05077713 -0.07817648 -0.02809345],[-0.03542704  0.05966279  0.99758977],FALSE,0,FALSE,0,FALSE,0,FALSE
7.91221E+11,"[[ 0.01298589 -0.9952577   0.09640329  0.        ]
 [-0.9999091  -0.01327431 -0.00235137  0.        ]
 [ 0.0036199  -0.09636399 -0.99533963  0.        ]
 [-0.0226604   0.07874935 -0.06664653  1.        ]]",TRUE,TRUE,[ 0.0498067  -0.04611542 -0.02866112],[-0.03817182  0.02907794  0.9988481 ],TRUE,[ 0.04900228 -0.01493551 -0.02909286],[-0.02729629 -0.01602411  0.9994989 ],TRUE,[ 0.0508099  -0.07832192 -0.02817883],[-0.0304617   0.06069215  0.9976916 ],FALSE,0,FALSE,0,FALSE,0,FALSE
7.91221E+11,"[[ 0.01506597 -0.9955283   0.09325565  0.        ]
 [-0.9998836  -0.01477087  0.00385473  0.        ]
 [-0.00246003 -0.09330286 -0.9956348   0.        ]
 [-0.0231814   0.07917362 -0.06529516  1.        ]]",TRUE,FALSE,[ 0.0498067  -0.04611542 -0.02866112],[-0.03817182  0.02907794  0.9988481 ],TRUE,[ 0.04904937 -0.01510873 -0.02896181],[-0.0247774  -0.02564218  0.9993641 ],TRUE,[ 0.05087367 -0.07844391 -0.02825784],[-0.0281515   0.0568304   0.99798685],FALSE,0,FALSE,0,FALSE,0,FALSE
7.91221E+11,"[[ 0.01787221 -0.99584836  0.08925669  0.        ]
 [-0.99978215 -0.01683664  0.01234302  0.        ]
 [-0.010789   -0.08945784 -0.99593234  0.        ]
 [-0.02384791  0.07975909 -0.0635945   1.        ]]",TRUE,FALSE,[ 0.0498067  -0.04611542 -0.02866112],[-0.03817182  0.02907794  0.9988481 ],TRUE,[ 0.04917702 -0.01500865 -0.02898379],[-0.01163709 -0.01474801  0.9998236 ],TRUE,[ 0.05102111 -0.07827548 -0.02823094],[-0.01495408  0.07471192  0.99709314],FALSE,0,FALSE,0,FALSE,0,FALSE
7.91221E+11,"[[ 0.01787221 -0.99584836  0.08925676  0.        ]
 [-0.99978215 -0.01683664  0.012343    0.        ]
 [-0.01078898 -0.0894579  -0.99593234  0.        ]
 [-0.02384838  0.07975902 -0.06359305  1.        ]]",TRUE,FALSE,[ 0.0498067  -0.04611542 -0.02866112],[-0.03817182  0.02907794  0.9988481 ],TRUE,[ 0.04917702 -0.01500865 -0.02898379],[-0.01163709 -0.01474801  0.9998236 ],TRUE,[ 0.05102111 -0.07827548 -0.02823094],[-0.01495408  0.07471192  0.99709314],FALSE,0,FALSE,0,FALSE,0,FALSE
7.91222E+11,"[[ 0.0214895  -0.99619275  0.08448718  0.        ]
 [-0.99951917 -0.0195179   0.02409158  0.        ]
 [-0.02235084 -0.08496427 -0.9961331   0.        ]
 [-0.02495231  0.08035527 -0.06127577  1.        ]]",TRUE,TRUE,[ 0.05007867 -0.03996675 -0.02875857],[-0.00773973  0.0545215   0.9984826 ],TRUE,[ 0.04934952 -0.01456104 -0.02917822],[-0.00644785  0.02079902  0.99976295],TRUE,[ 0.05116647 -0.07786936 -0.02813252],[-0.00965065  0.10471629  0.9944554 ],FALSE,0,FALSE,0,FALSE,0,FALSE
7.91222E+11,"[[ 0.023081   -0.99632233  0.0825179   0.        ]
 [-0.99933    -0.02064776  0.03022415  0.        ]
 [-0.0284092  -0.08316021 -0.9961314   0.        ]
 [-0.0255241   0.08066624 -0.06023699  1.        ]]",TRUE,TRUE,[ 0.05008787 -0.03929439 -0.02875827],[-0.0071176   0.05227318  0.9986075 ],TRUE,[ 0.04941669 -0.01471349 -0.02908278],[-0.00470954  0.0161993   0.9998576 ],TRUE,[ 0.05121825 -0.07802053 -0.02822272],[-0.00801279  0.10055351  0.9948994 ],FALSE,0,FALSE,0,FALSE,0,FALSE
7.91222E+11,"[[ 0.02442104 -0.99642307  0.08089581  0.        ]
 [-0.99910206 -0.02152383  0.03648755  0.        ]
 [-0.03461583 -0.08171424 -0.99605393  0.        ]
 [-0.02612869  0.08095089 -0.05923732  1.        ]]",TRUE,TRUE,[ 0.05014506 -0.04067902 -0.02872333],[-0.00690824  0.04989541  0.9987306 ],TRUE,[ 0.04943146 -0.01475283 -0.02907403],[-0.00515813  0.00805029  0.9999543 ],TRUE,[ 0.05125849 -0.07807229 -0.02814601],[-0.00827681  0.0910147   0.99581516],FALSE,0,FALSE,0,FALSE,0,FALSE
7.91222E+11,"[[ 0.02546912 -0.99649554  0.07967574  0.        ]
 [-0.99884504 -0.02211869  0.04265753  0.        ]
 [-0.04074572 -0.08067016 -0.9959079   0.        ]
 [-0.02679968  0.08113931 -0.05820675  1.        ]]",TRUE,TRUE,[ 0.05017198 -0.04116815 -0.02870055],[-0.00658121  0.04570696  0.99893326],TRUE,[ 0.04944732 -0.0148684  -0.02897344],[-0.00463884  0.0025062   0.999986  ],TRUE,[ 0.05128444 -0.07820252 -0.02819509],[-0.00784139  0.08418062  0.99641967],FALSE,0,FALSE,0,FALSE,0,FALSE
7.91222E+11,"[[ 0.02630806 -0.9965498   0.07871805  0.        ]
 [-0.9985686  -0.02252948  0.04851054  0.        ]
 [-0.04656969 -0.07988159 -0.995716    0.        ]
 [-0.0274003   0.08137518 -0.05735737  1.        ]]",TRUE,TRUE,[ 0.05023909 -0.04306267 -0.02866183],[-0.00576471  0.04329589  0.9990457 ],TRUE,[ 0.04946514 -0.01488629 -0.02898435],[-0.00245082 -0.0050289   0.9999844 ],TRUE,[ 0.05131221 -0.07824436 -0.02813846],[-0.00580901  0.07400973  0.9972406 ],FALSE,0,FALSE,0,FALSE,0,FALSE
7.91222E+11,"[[ 0.02699476 -0.99658084  0.07808735  0.        ]
 [-0.9982854  -0.02281737  0.05389991  0.        ]
 [-0.05193387 -0.0794085  -0.99548817  0.        ]
 [-0.02797157  0.08155596 -0.05660456  1.        ]]",TRUE,FALSE,[ 0.05023909 -0.04306267 -0.02866183],[-0.00576471  0.04329589  0.9990457 ],TRUE,[ 0.04948838 -0.01481648 -0.02911162],[ 2.5571411e-04 -1.9960422e-02  9.9980068e-01],TRUE,[ 0.05132571 -0.07820451 -0.02798361],[-0.0028387   0.05555062  0.99845177],FALSE,0,FALSE,0,FALSE,0,FALSE
7.91222E+11,"[[ 0.02753478 -0.99656457  0.07810862  0.        ]
 [-0.99800676 -0.0229677   0.05878028  0.        ]
 [-0.05678437 -0.07957143 -0.99521065  0.        ]
 [-0.02855901  0.08159101 -0.05586351  1.        ]]",TRUE,TRUE,[ 0.05032187 -0.0454959  -0.02860495],[-0.00409433  0.03340173  0.9994337 ],TRUE,[ 0.04947456 -0.01478072 -0.02917438],[ 8.9553016e-04 -3.2571670e-02  9.9946904e-01],TRUE,[ 0.0513399  -0.07820027 -0.02791153],[-0.00214799  0.03923668  0.99922764],FALSE,0,FALSE,0,FALSE,0,FALSE
7.91222E+11,"[[ 0.02788413 -0.9964903   0.07892779  0.        ]
 [-0.9977289  -0.02290154  0.06334443  0.        ]
 [-0.06131455 -0.08051483 -0.9948658   0.        ]
 [-0.02905085  0.08171608 -0.05546032  1.        ]]",TRUE,TRUE,[ 0.05078731 -0.05949987 -0.0282818 ],[-0.00388531  0.01094737  0.9999325 ],TRUE,[ 0.04947226 -0.01479098 -0.02917497],[-0.00186788 -0.03628669  0.99933964],TRUE,[ 0.05133897 -0.078255   -0.02790713],[-0.00472896  0.03075454  0.9995158 ],FALSE,0,FALSE,0,FALSE,0,FALSE
7.91222E+11,"[[ 0.02810389 -0.9963863   0.08015186  0.        ]
 [-0.99744904 -0.02268946  0.06767873  0.        ]
 [-0.06561556 -0.08184943 -0.9944823   0.        ]
 [-0.02961694  0.08165433 -0.05492561  1.        ]]",TRUE,TRUE,[ 0.0507811  -0.05965085 -0.02827678],[-0.00425635  0.01310938  0.9999051 ],TRUE,[ 0.04946438 -0.01494934 -0.02903032],[-0.00305665 -0.03553324  0.99936384],TRUE,[ 0.05131682 -0.0783501  -0.02795806],[-0.00572241  0.03888661  0.9992273 ],FALSE,0,FALSE,0,FALSE,0,FALSE
7.91223E+11,"[[ 0.02831811 -0.99626404  0.08158539  0.        ]
 [-0.99715835 -0.02245486  0.07191022  0.        ]
 [-0.06980959 -0.08338992 -0.994069    0.        ]
 [-0.03018457  0.08156517 -0.05446579  1.        ]]",TRUE,TRUE,[ 0.05074301 -0.05864767 -0.02828865],[-0.00498211  0.01040082  0.9999335 ],TRUE,[ 0.04945498 -0.01496702 -0.02904097],[-0.00483407 -0.04190118  0.99911004],TRUE,[ 0.05129936 -0.07839385 -0.0279321 ],[-0.00705265  0.02973458  0.999533  ],FALSE,0,FALSE,0,FALSE,0,FALSE
7.91223E+11,"[[ 0.02863783 -0.996112    0.0833135   0.        ]
 [-0.99685895 -0.02230358  0.07599464  0.        ]
 [-0.07384098 -0.08522813 -0.9936218   0.        ]
 [-0.03065335  0.08158051 -0.05429056  1.        ]]",TRUE,TRUE,[ 0.05071276 -0.05790514 -0.02829843],[-0.00678412  0.0063555   0.9999568 ],TRUE,[ 0.04944509 -0.01500349 -0.02903292],[-0.00855897 -0.04627474  0.998892  ],TRUE,[ 0.05128073 -0.07844321 -0.0279331 ],[-0.01084471  0.02419084  0.9996485 ],FALSE,0,FALSE,0,FALSE,0,FALSE
7.91223E+11,"[[ 0.0291301  -0.99593216  0.0852687   0.        ]
 [-0.99656767 -0.02232373  0.07971627  0.        ]
 [-0.07748847 -0.08729816 -0.99316406  0.        ]
 [-0.03119837  0.08143035 -0.05397482  1.        ]]",TRUE,FALSE,[ 0.05071276 -0.05790514 -0.02829843],[-0.00678412  0.0063555   0.9999568 ],TRUE,[ 0.04944119 -0.01547768 -0.02857536],[-0.01833559 -0.02355196  0.99955446],TRUE,[ 0.05126097 -0.0788945  -0.02840551],[-0.02056023  0.04978595  0.9985483 ],FALSE,0,FALSE,0,FALSE,0,FALSE
7.91223E+11,"[[ 0.0298093  -0.9957313   0.08735202  0.        ]
 [-0.9963016  -0.02255273  0.08291081  0.        ]
 [-0.08058687 -0.08950047 -0.9927211   0.        ]
 [-0.03171012  0.08125433 -0.05373245  1.        ]]",TRUE,TRUE,[ 0.05064116 -0.05599939 -0.02833706],[-0.01158856  0.00808322  0.9999003 ],TRUE,[ 0.0494069  -0.01548866 -0.02859047],[-0.01913759 -0.02441004  0.9995188 ],TRUE,[ 0.05123563 -0.078938   -0.0283997 ],[-0.02125584  0.04528982  0.9987478 ],FALSE,0,FALSE,0,FALSE,0,FALSE
7.91223E+11,"[[ 0.03064382 -0.99552584  0.08938292  0.        ]
 [-0.9960692  -0.02297997  0.08554578  0.        ]
 [-0.08310903 -0.09165302 -0.99231696  0.        ]
 [-0.03212488  0.08119376 -0.05378871  1.        ]]",TRUE,TRUE,[ 0.0505924  -0.05497347 -0.02834763],[-0.01275342  0.00558478  0.999903  ],TRUE,[ 0.04934439 -0.01539335 -0.02870604],[-0.01292549 -0.04017083  0.9991092 ],TRUE,[ 0.05119222 -0.07878809 -0.02814381],[-0.01529075  0.03594976  0.9992365 ],FALSE,0,FALSE,0,FALSE,0,FALSE
7.91223E+11,"[[ 0.03164786 -0.9953385   0.09110387  0.        ]
 [-0.995871   -0.02364254  0.08764859  0.        ]
 [-0.08508609 -0.09350159 -0.991977    0.        ]
 [-0.03257055  0.08102055 -0.05368064  1.        ]]",TRUE,TRUE,[ 0.05056633 -0.05467608 -0.02834746],[-0.01404879  0.00338445  0.9998955 ],TRUE,[ 0.04931833 -0.01541618 -0.02869187],[-0.01409271 -0.04677222  0.99880624],TRUE,[ 0.05116426 -0.07878837 -0.02810773],[-0.01676632  0.03193031  0.99934953],FALSE,0,FALSE,0,FALSE,0,FALSE
7.91223E+11,"[[ 0.03280956 -0.9951762   0.09245286  0.        ]
 [-0.9956988  -0.02452648  0.08934227  0.        ]
 [-0.08664376 -0.09498648 -0.9917004   0.        ]
 [-0.03299817  0.08085262 -0.05361379  1.        ]]",TRUE,TRUE,[ 0.0505484  -0.05458965 -0.02834535],[-0.01579812  0.00178881  0.9998736 ],TRUE,[ 0.04930174 -0.01538506 -0.0287196 ],[-0.01661546 -0.04710833  0.99875164],TRUE,[ 0.05114293 -0.07877705 -0.02808078],[-0.0191904   0.0293991   0.99938357],FALSE,0,FALSE,0,FALSE,0,FALSE
7.91223E+11,"[[ 0.03407288 -0.9950313   0.09355129  0.        ]
 [-0.9955388  -0.02555072  0.09082887  0.        ]
 [-0.08798726 -0.09622873 -0.9914627   0.        ]
 [-0.03335097  0.08077446 -0.05381917  1.        ]]",TRUE,TRUE,[ 0.05054665 -0.05498405 -0.02833891],[-0.01768564  0.00158734  0.9998424 ],TRUE,[ 0.04928964 -0.01540468 -0.02871524],[-0.0186038  -0.05028068  0.9985618 ],TRUE,[ 0.0511333  -0.07878671 -0.02808062],[-0.02098176  0.02722865  0.99940896],FALSE,0,FALSE,0,FALSE,0,FALSE
7.91223E+11,"[[ 0.03540039 -0.9948989   0.09446014  0.        ]
 [-0.9953835  -0.02666366  0.09219836  0.        ]
 [-0.08920939 -0.09728793 -0.9912498   0.        ]
 [-0.03374877  0.080593   -0.05381602  1.        ]]",TRUE,TRUE,[ 0.0505452  -0.05532845 -0.02833303],[-1.9586653e-02  7.9813506e-04  9.9980795e-01],TRUE,[ 0.04928135 -0.01539872 -0.02872143],[-0.02044453 -0.05145356  0.9984661 ],TRUE,[ 0.05112412 -0.07879528 -0.02807129],[-0.02274504  0.02447243  0.99944174],FALSE,0,FALSE,0,FALSE,0,FALSE
7.91224E+11,"[[ 0.03666741 -0.9947814   0.09521176  0.        ]
 [-0.9952425  -0.02774537  0.09339326  0.        ]
 [-0.09026419 -0.09818328 -0.991066    0.        ]
 [-0.03411654  0.08041483 -0.05382398  1.        ]]",TRUE,TRUE,[ 0.05051762 -0.05518521 -0.0283328 ],[-2.1103276e-02 -9.1009215e-04  9.9977696e-01],TRUE,[ 0.04926408 -0.01540341 -0.02872257],[-0.02119235 -0.05383826  0.99832475],TRUE,[ 0.05111799 -0.07880811 -0.02806401],[-0.02341334  0.02127289  0.99949956],FALSE,0,FALSE,0,FALSE,0,FALSE
7.91224E+11,"[[ 0.03781545 -0.9946752   0.09587064  0.        ]
 [-0.9951343  -0.02874959  0.09423937  0.        ]
 [-0.09098132 -0.09896787 -0.99092245  0.        ]
 [-0.03437516  0.08033253 -0.05409406  1.        ]]",TRUE,TRUE,[ 0.05048003 -0.05464466 -0.02833716],[-0.02205501 -0.0038887   0.9997491 ],TRUE,[ 0.04925034 -0.01542157 -0.02872236],[-0.02109246 -0.05536832  0.9982432 ],TRUE,[ 0.05111862 -0.0788163  -0.02806042],[-0.023395    0.020847    0.99950886],FALSE,0,FALSE,0,FALSE,0,FALSE
7.91224E+11,"[[ 0.03884298 -0.9945731   0.09651679  0.        ]
 [-0.99506986 -0.02967894  0.09463103  0.        ]
 [-0.09125295 -0.09971669 -0.99082255  0.        ]
 [-0.03462554  0.08016346 -0.05416432  1.        ]]",TRUE,TRUE,[ 0.05045111 -0.05437409 -0.02833777],[-0.0227138  -0.00632964  0.999722  ],TRUE,[ 0.04924093 -0.01542015 -0.02873425],[-0.02112137 -0.05618897  0.9981967 ],TRUE,[ 0.05111187 -0.07881211 -0.02804989],[-0.02355395  0.02029075  0.99951667],FALSE,0,FALSE,0,FALSE,0,FALSE
7.91224E+11,"[[ 0.03976905 -0.9944654   0.09724697  0.        ]
 [-0.9950467  -0.03054142  0.09460045  0.        ]
 [-0.09110681 -0.10052744 -0.9907541   0.        ]
 [-0.03480828  0.07998718 -0.05425534  1.        ]]",TRUE,TRUE,[ 0.050442   -0.05475489 -0.02832745],[-0.02437987 -0.00797263  0.999671  ],TRUE,[ 0.04922837 -0.01539394 -0.02877604],[-0.02459929 -0.06485942  0.99759126],TRUE,[ 0.05110039 -0.07876759 -0.02798346],[-0.02681322  0.01440309  0.99953675],FALSE,0,FALSE,0,FALSE,0,FALSE
7.91224E+11,"[[ 0.04063779 -0.99434924  0.09807239  0.        ]
 [-0.9950521  -0.03136849  0.09427314  0.        ]
 [-0.09066406 -0.10141819 -0.99070406  0.        ]
 [-0.03490758  0.07986813 -0.05459823  1.        ]]",TRUE,TRUE,[ 0.05045118 -0.05560514 -0.02830532],[-0.02538586 -0.01039119  0.9996237 ],TRUE,[ 0.04922424 -0.01540207 -0.02876489],[-0.02449529 -0.06529098  0.99756557],TRUE,[ 0.051092   -0.07877716 -0.0280091 ],[-0.02653465  0.01387173  0.99955165],FALSE,0,FALSE,0,FALSE,0,FALSE
7.91224E+11,"[[ 0.04141325 -0.9942349   0.09890266  0.        ]
 [-0.9950764  -0.0321213   0.09375992  0.        ]
 [-0.0900425  -0.10229861 -0.99066997  0.        ]
 [-0.03499123  0.07967027 -0.05472505  1.        ]]",TRUE,TRUE,[ 0.05046624 -0.05656949 -0.02828829],[-0.02582807 -0.01116747  0.99960405],TRUE,[ 0.04918509 -0.01531621 -0.02885726],[-0.02346708 -0.06373263  0.99769115],TRUE,[ 0.05107148 -0.0787234  -0.02795709],[-0.02596242  0.01188378  0.9995923 ],FALSE,0,FALSE,0,FALSE,0,FALSE
7.91224E+11,"[[ 0.04206097 -0.9941209   0.09977044  0.        ]
 [-0.9951119  -0.03275275  0.09316207  0.        ]
 [-0.0893466  -0.10320125 -0.9906392   0.        ]
 [-0.03502966  0.07946682 -0.05485338  1.        ]]",TRUE,TRUE,[ 0.0504775  -0.05732675 -0.02827533],[-0.02610412 -0.01138052  0.9995945 ],TRUE,[ 0.04916325 -0.01531571 -0.02885155],[-0.02383465 -0.06390482  0.99767137],TRUE,[ 0.05107231 -0.07872447 -0.02796012],[-0.02575755  0.01147969  0.9996024 ],FALSE,0,FALSE,0,FALSE,0,FALSE
7.91224E+11,"[[ 0.04252666 -0.9940064   0.10070982  0.        ]
 [-0.9951589  -0.03320408  0.09249867  0.        ]
 [-0.0886003  -0.10415594 -0.9906064   0.        ]
 [-0.03499546  0.07933366 -0.05520181  1.        ]]",TRUE,TRUE,[ 0.05048538 -0.05795503 -0.02826418],[-0.02687771 -0.01168891  0.9995704 ],TRUE,[ 0.04914525 -0.01531771 -0.02884516],[-0.02534571 -0.06402703  0.99762625],TRUE,[ 0.0510587  -0.0787296  -0.02796198],[-0.02760148  0.01110194  0.99955726],FALSE,0,FALSE,0,FALSE,0,FALSE
7.91225E+11,"[[ 0.0429042  -0.9938145   0.10242981  0.        ]
 [-0.9953342  -0.03364956  0.09042919  0.        ]
 [-0.08642313 -0.10583169 -0.9906213   0.        ]
 [-0.03482598  0.07900041 -0.0554344   1.        ]]",TRUE,TRUE,[ 0.0504767  -0.05837473 -0.02824926],[-0.02933975 -0.0124351   0.99949217],TRUE,[ 0.04909489 -0.01525581 -0.02889615],[-0.02929513 -0.06334434  0.99756163],TRUE,[ 0.05104398 -0.07869577 -0.02792311],[-0.03124697  0.00849624  0.9994756 ],FALSE,0,FALSE,0,FALSE,0,FALSE
7.91225E+11,"[[ 0.0429107  -0.9937239   0.10330185  0.        ]
 [-0.99547476 -0.03375196  0.08883002  0.        ]
 [-0.08478588 -0.10664614 -0.99067545  0.        ]
 [-0.03464462  0.07889332 -0.05576778  1.        ]]",TRUE,TRUE,[ 0.05046589 -0.05837966 -0.02824373],[-0.03025235 -0.01312732  0.9994561 ],TRUE,[ 0.0490884  -0.01530458 -0.02880576],[-0.02898682 -0.06449938  0.9974966 ],TRUE,[ 0.05103582 -0.07870606 -0.02794435],[-0.03119567  0.01171306  0.9994447 ],FALSE,0,FALSE,0,FALSE,0,FALSE
7.91225E+11,"[[ 0.04293621 -0.9936344   0.10415055  0.        ]
 [-0.9956365  -0.03391027  0.08693726  0.        ]
 [-0.08285208 -0.10742885 -0.9907547   0.        ]
 [-0.03443074  0.07874631 -0.05588809  1.        ]]",TRUE,TRUE,[ 0.05046204 -0.05867565 -0.02823357],[-0.03168521 -0.01369846  0.9994041 ],TRUE,[ 0.04906487 -0.01527106 -0.02882587],[-0.03138585 -0.06491177  0.9973973 ],TRUE,[ 0.05101621 -0.07865997 -0.02790399],[-0.03361008  0.0126962   0.9993544 ],FALSE,0,FALSE,0,FALSE,0,FALSE
7.91225E+11,"[[ 0.04299879 -0.99356323  0.10480055  0.        ]
 [-0.99580353 -0.03413939  0.08491043  0.        ]
 [-0.08078605 -0.1080118  -0.99086165  0.        ]
 [-0.03419166  0.07862796 -0.05598716  1.        ]]",TRUE,TRUE,[ 0.05045995 -0.05904348 -0.02822058],[-0.0320131  -0.01421086  0.9993865 ],TRUE,[ 0.04904965 -0.01519794 -0.02887306],[-0.02983335 -0.06426077  0.99748707],TRUE,[ 0.05100376 -0.07860499 -0.02784987],[-0.03169853  0.01116453  0.9994352 ],FALSE,0,FALSE,0,FALSE,0,FALSE
7.91225E+11,"[[ 0.04316705 -0.9935153   0.1051861   0.        ]
 [-0.9959592  -0.03449464  0.08291855  0.        ]
 [-0.0787525  -0.10834042 -0.9909898   0.        ]
 [-0.03392667  0.07859808 -0.0562863   1.        ]]",TRUE,TRUE,[ 0.05044048 -0.05883646 -0.02821615],[-0.03307927 -0.01472058  0.9993443 ],TRUE,[ 0.0490383  -0.01516489 -0.02889684],[-0.03225022 -0.06495058  0.9973672 ],TRUE,[ 0.05098579 -0.07856663 -0.02782155],[-0.03421871  0.01101236  0.9993537 ],FALSE,0,FALSE,0,FALSE,0,FALSE
7.91225E+11,"[[ 0.04348201 -0.9934905   0.10528969  0.        ]
 [-0.996095   -0.03500617  0.08105178  0.        ]
 [-0.07683838 -0.10840282 -0.9911331   0.        ]
 [-0.03366869  0.07854878 -0.05635264  1.        ]]",TRUE,TRUE,[ 0.05043371 -0.05903981 -0.02820186],[-0.03279744 -0.01536122  0.999344  ],TRUE,[ 0.04902022 -0.01501276 -0.02904191],[-0.02966385 -0.06304272  0.99756986],TRUE,[ 0.05098413 -0.0784712  -0.02771991],[-0.03124464  0.00606733  0.9994934 ],FALSE,0,FALSE,0,FALSE,0,FALSE
7.91225E+11,"[[ 0.04386985 -0.99348867  0.10514495  0.        ]
 [-0.99620736 -0.03558636  0.07940006  0.        ]
 [-0.07514131 -0.10822944 -0.99128175  0.        ]
 [-0.0334117   0.07852565 -0.05638734  1.        ]]",TRUE,TRUE,[ 0.05041443 -0.05874639 -0.0281957 ],[-0.03233379 -0.01613395  0.9993469 ],TRUE,[ 0.04901842 -0.01502015 -0.02902836],[-0.0289842  -0.06353753  0.9975585 ],TRUE,[ 0.05098554 -0.0784504  -0.02771519],[-0.03061985  0.00867215  0.99949354],FALSE,0,FALSE,0,FALSE,0,FALSE
7.91225E+11,"[[ 0.04417288 -0.99350166  0.10489597  0.        ]
 [-0.99629986 -0.03606045  0.07801345  0.        ]
 [-0.07372389 -0.10795394 -0.9914186   0.        ]
 [-0.03318105  0.07856071 -0.05658733  1.        ]]",TRUE,TRUE,[ 0.0504002  -0.05858171 -0.02818404],[-0.0316562 -0.0161062  0.9993691],TRUE,[ 0.04901429 -0.01492175 -0.02910043],[-0.02810851 -0.06233034  0.9976596 ],TRUE,[ 0.05098907 -0.07838086 -0.02765453],[-0.02953653  0.00647413  0.99954283],FALSE,0,FALSE,0,FALSE,0,FALSE
7.91225E+11,"[[ 0.04429066 -0.9935227   0.10464549  0.        ]
 [-0.9963787  -0.03632045  0.07687689  0.        ]
 [-0.07257816 -0.10767148 -0.9915335   0.        ]
 [-0.03292938  0.0785598  -0.05658941  1.        ]]",TRUE,TRUE,[ 0.05039075 -0.05851549 -0.02817116],[-0.03122739 -0.0158069   0.99938726],TRUE,[ 0.04900705 -0.01492716 -0.0290921 ],[-0.02829917 -0.06253187  0.9976417 ],TRUE,[ 0.05099557 -0.0783846  -0.02766929],[-0.02965952  0.0063962   0.99953955],FALSE,0,FALSE,0,FALSE,0,FALSE
7.91226E+11,"[[ 0.04413158 -0.9935461   0.10449107  0.        ]
 [-0.99644685 -0.03626573  0.07601555  0.        ]
 [-0.0717355  -0.10747448 -0.99161625  0.        ]
 [-0.03268294  0.07855679 -0.05656582  1.        ]]",TRUE,TRUE,[ 0.05039074 -0.05871979 -0.02815212],[-0.03087343 -0.01314878  0.99943686],TRUE,[ 0.04901214 -0.01499559 -0.02898055],[-0.02788997 -0.06379904  0.99757296],TRUE,[ 0.05099624 -0.07839875 -0.0277048 ],[-0.02954253  0.01132192  0.9994994 ],FALSE,0,FALSE,0,FALSE,0,FALSE
7.91226E+11,"[[ 0.04368395 -0.99356633  0.10448848  0.        ]
 [-0.99650186 -0.03587532  0.07548022  0.        ]
 [-0.07124604 -0.10742023 -0.99165773  0.        ]
 [-0.03248695  0.07859778 -0.05671013  1.        ]]",TRUE,TRUE,[ 0.05039429 -0.05900415 -0.02813271],[-0.0306249  -0.01156516  0.99946404],TRUE,[ 0.04900485 -0.01499138 -0.02897622],[-0.02796892 -0.06386685  0.9975664 ],TRUE,[ 0.05099281 -0.07840046 -0.0277029 ],[-0.02956588  0.01058928  0.9995068 ],FALSE,0,FALSE,0,FALSE,0,FALSE
7.91226E+11,"[[ 0.04304099 -0.9935891   0.10453803  0.        ]
 [-0.9965413  -0.03525162  0.07525083  0.        ]
 [-0.07108327 -0.10741534 -0.9916699   0.        ]
 [-0.03227056  0.07859806 -0.05665759  1.        ]]",TRUE,TRUE,[ 0.05040177 -0.05941106 -0.02811237],[-0.03054435 -0.01061132  0.9994771 ],TRUE,[ 0.04900235 -0.01499189 -0.02896734],[-0.02823925 -0.06397081  0.99755216],TRUE,[ 0.05098517 -0.07839711 -0.02769551],[-0.02989925  0.01098835  0.9994925 ],FALSE,0,FALSE,0,FALSE,0,FALSE
7.91226E+11,"[[ 0.04226512 -0.993625    0.10451419  0.        ]
 [-0.99656266 -0.03446627  0.07533284  0.        ]
 [-0.07125039 -0.10733888 -0.9916662   0.        ]
 [-0.03206807  0.0786147  -0.05657869  1.        ]]",TRUE,TRUE,[ 0.05041431 -0.05995859 -0.02809029],[-0.03094992 -0.01042918  0.9994665 ],TRUE,[ 0.04898971 -0.01495439 -0.02899611],[-0.02966229 -0.06409817  0.9975026 ],TRUE,[ 0.05097178 -0.07838277 -0.02766724],[-0.03121835  0.00816915  0.9994793 ],FALSE,0,FALSE,0,FALSE,0,FALSE
7.91226E+11,"[[ 0.04141766 -0.9936689   0.10443509  0.        ]
 [-0.99656487 -0.03358209  0.07570086  0.        ]
 [-0.07171444 -0.10721171 -0.9916463   0.        ]
 [-0.03193406  0.07868624 -0.05665004  1.        ]]",TRUE,TRUE,[ 0.05042364 -0.06038681 -0.02807322],[-0.03112713 -0.01077955  0.9994573 ],TRUE,[ 0.04898941 -0.01496429 -0.0289899 ],[-0.0294014  -0.06401492  0.9975158 ],TRUE,[ 0.05096381 -0.0783977  -0.02767615],[-0.03101421  0.00773289  0.99948907],FALSE,0,FALSE,0,FALSE,0,FALSE
7.91226E+11,"[[ 0.04052716 -0.99372345  0.10426526  0.        ]
 [-0.99655145 -0.03263807  0.07628905  0.        ]
 [-0.07240722 -0.10699747 -0.99161935  0.        ]
 [-0.03176899  0.07873712 -0.05654902  1.        ]]",TRUE,TRUE,[ 0.05043131 -0.06072813 -0.02805937],[-0.03158854 -0.01176799  0.9994317 ],TRUE,[ 0.04898525 -0.01496958 -0.02898773],[-0.03046858 -0.0642095   0.9974712 ],TRUE,[ 0.05096005 -0.07841299 -0.02767896],[-0.03204625  0.0065031   0.9994652 ],FALSE,0,FALSE,0,FALSE,0,FALSE
7.91226E+11,"[[ 0.03955954 -0.99379545  0.10394986  0.        ]
 [-0.9965243  -0.03160632  0.07707399  0.        ]
 [-0.07331032 -0.10663757 -0.9915917   0.        ]
 [-0.03161626  0.07880881 -0.05642822  1.        ]]",TRUE,TRUE,[ 0.05044238 -0.06116666 -0.02804644],[-0.03196369 -0.01138249  0.9994242 ],TRUE,[ 0.04898517 -0.01498846 -0.02897706],[-0.03071095 -0.06424363  0.9974616 ],TRUE,[ 0.0509608  -0.07842849 -0.02769156],[-0.03217188  0.00686617  0.9994588 ],FALSE,0,FALSE,0,FALSE,0,FALSE
7.91226E+11,"[[ 0.03818506 -0.9938996   0.10346729  0.        ]
 [-0.99646425 -0.03011847  0.0784338   0.        ]
 [-0.07483904 -0.10609645 -0.9915354   0.        ]
 [-0.03149885  0.0789407  -0.05639165  1.        ]]",TRUE,TRUE,[ 0.05045475 -0.06164505 -0.0280348 ],[-0.03252757 -0.01189198  0.9994001 ],TRUE,[ 0.04899156 -0.01503148 -0.02894552],[-0.03156561 -0.06469018  0.99740607],TRUE,[ 0.05096234 -0.07846779 -0.02772157],[-0.03317734  0.00704289  0.9994247 ],FALSE,0,FALSE,0,FALSE,0,FALSE
7.91226E+11,"[[ 0.03718096 -0.9939717   0.10314137  0.        ]
 [-0.9964098  -0.02901947  0.0795351   0.        ]
 [-0.07606255 -0.10572826 -0.99148214  0.        ]
 [-0.03139018  0.07902645 -0.05626741  1.        ]]",TRUE,TRUE,[ 0.05046938 -0.06220668 -0.02802467],[-0.03301206 -0.01165477  0.99938697],TRUE,[ 0.04899644 -0.01502274 -0.02895099],[-0.03199168 -0.06436229  0.99741364],TRUE,[ 0.05096168 -0.07848482 -0.02772825],[-0.03337754  0.00458022  0.9994323 ],FALSE,0,FALSE,0,FALSE,0,FALSE
7.91227E+11,"[[ 0.03615135 -0.99404204  0.10282683  0.        ]
 [-0.99634147 -0.02787805  0.08078515  0.        ]
 [-0.07743721 -0.10537113 -0.9914131   0.        ]
 [-0.03133036  0.07912543 -0.0562196   1.        ]]",TRUE,TRUE,[ 0.0504801  -0.06265189 -0.02801681],[-0.0332221  -0.01227279  0.99937266],TRUE,[ 0.04900037 -0.01501182 -0.02896619],[-0.03170076 -0.06399929  0.99744636],TRUE,[ 0.05096006 -0.07849909 -0.02773066],[-0.03308279  0.00209693  0.99945045],FALSE,0,FALSE,0,FALSE,0,FALSE
7.91227E+11,"[[ 0.03517175 -0.99410975  0.10251272  0.        ]
 [-0.9962635  -0.02678108  0.08210953  0.        ]
 [-0.07888049 -0.10501762 -0.9913373   0.        ]
 [-0.03126075  0.07921897 -0.0561117   1.        ]]",TRUE,TRUE,[ 0.05047821 -0.06268116 -0.02802034],[-0.03310689 -0.01329437  0.9993634 ],TRUE,[ 0.0490111  -0.01505103 -0.02895184],[-0.03093919 -0.06440039  0.9974444 ],TRUE,[ 0.05096465 -0.07854272 -0.0277651 ],[-0.03243247  0.00119734  0.99947315],FALSE,0,FALSE,0,FALSE,0,FALSE
7.91227E+11,"[[ 0.03424966 -0.994165    0.10228763  0.        ]
 [-0.99617773 -0.02573049  0.08347283  0.        ]
 [-0.08035386 -0.10475557 -0.9912462   0.        ]
 [-0.0311905   0.07930392 -0.05596631  1.        ]]",TRUE,TRUE,[ 0.05047682 -0.06270736 -0.02802439],[-0.0333081  -0.01383329  0.9993494 ],TRUE,[ 0.04901833 -0.01506564 -0.02894599],[-0.03173191 -0.06427439  0.9974277 ],TRUE,[ 0.05096468 -0.0785539  -0.02776966],[-0.03329211  0.00194947  0.9994438 ],FALSE,0,FALSE,0,FALSE,0,FALSE
7.91227E+11,"[[ 0.03338724 -0.99420285  0.10220561  0.        ]
 [-0.9960891  -0.02473068  0.08482321  0.        ]
 [-0.08180387 -0.1046379  -0.99114037  0.        ]
 [-0.03117381  0.07936391 -0.05589443  1.        ]]",TRUE,TRUE,[ 0.05047528 -0.06268443 -0.02803167],[-0.03365611 -0.01470761  0.9993253 ],TRUE,[ 0.04902942 -0.01508185 -0.02897487],[-0.03239597 -0.06415768  0.99741375],TRUE,[ 0.05097101 -0.07857549 -0.02778108],[-0.03395881  0.00144809  0.9994222 ],FALSE,0,FALSE,0,FALSE,0,FALSE
7.91227E+11,"[[ 0.03256595 -0.9942325   0.10218279  0.        ]
 [-0.9960008  -0.02377248  0.08612341  0.        ]
 [-0.08319753 -0.10457884 -0.99103045  0.        ]
 [-0.03112679  0.07942085 -0.05577309  1.        ]]",TRUE,TRUE,[ 0.05047773 -0.06273852 -0.02804086],[-0.03364497 -0.01442211  0.99932986],TRUE,[ 0.04904658 -0.01515724 -0.0288841 ],[-0.03165167 -0.06501608  0.9973821 ],TRUE,[ 0.05097361 -0.0786306  -0.02783203],[-0.03326371  0.00315303  0.9994417 ],FALSE,0,FALSE,0,FALSE,0,FALSE
7.91227E+11,"[[ 0.03178596 -0.9942601   0.10215931  0.        ]
 [-0.9959165  -0.0228653   0.08733497  0.        ]
 [-0.08449777 -0.10451818 -0.99092674  0.        ]
 [-0.03106822  0.07947389 -0.05563447  1.        ]]",TRUE,TRUE,[ 0.05048271 -0.06286915 -0.02804797],[-0.03375866 -0.01465938  0.99932253],TRUE,[ 0.0490438  -0.01516754 -0.02887733],[-0.03212547 -0.06528711  0.99734926],TRUE,[ 0.05096833 -0.0786505  -0.02783542],[-0.03362444  0.00183237  0.9994328 ],FALSE,0,FALSE,0,FALSE,0,FALSE
7.91227E+11,"[[ 0.03107589 -0.99428666  0.10212046  0.        ]
 [-0.9958359  -0.02203894  0.08846149  0.        ]
 [-0.08570544 -0.10444424 -0.99083114  0.        ]
 [-0.03107164  0.07951033 -0.05557592  1.        ]]",TRUE,TRUE,[ 0.05049228 -0.06313936 -0.02805194],[-0.03364982 -0.01480809  0.999324  ],TRUE,[ 0.0490464  -0.01517565 -0.02886993],[-0.0315984  -0.06515039  0.997375  ],TRUE,[ 0.05096586 -0.07866421 -0.02783463],[-0.03312679  0.00136115  0.9994502 ],FALSE,0,FALSE,0,FALSE,0,FALSE
7.91227E+11,"[[ 0.0303821  -0.99431825  0.10202097  0.        ]
 [-0.99576175 -0.021245    0.08948348  0.        ]
 [-0.08680762 -0.10430727 -0.9907496   0.        ]
 [-0.03103302  0.07956617 -0.05547653  1.        ]]",TRUE,TRUE,[ 0.05048911 -0.06298745 -0.02806314],[-0.03340288 -0.01512949  0.9993274 ],TRUE,[ 0.04905327 -0.01522033 -0.02883141],[-0.03113262 -0.06562695  0.99735844],TRUE,[ 0.0509681  -0.07868947 -0.02784817],[-0.03272529  0.00318552  0.9994593 ],FALSE,0,FALSE,0,FALSE,0,FALSE
7.91227E+11,"[[ 0.02969372 -0.99435055  0.10190884  0.        ]
 [-0.99569464 -0.02046847  0.0904074   0.        ]
 [-0.08781073 -0.10415462 -0.99067736  0.        ]
 [-0.030977    0.07963277 -0.05536324  1.        ]]",TRUE,TRUE,[ 0.0504936  -0.06308115 -0.02806902],[-0.03381122 -0.0151411   0.99931353],TRUE,[ 0.04905688 -0.01523482 -0.02882157],[-0.03257184 -0.06594642  0.99729145],TRUE,[ 0.05097031 -0.07870045 -0.02786279],[-0.03447158  0.00335109  0.9994001 ],FALSE,0,FALSE,0,FALSE,0,FALSE
7.91228E+11,"[[ 0.02904338 -0.9943748   0.10185681  0.        ]
 [-0.99563104 -0.01973116  0.09126378  0.        ]
 [-0.08874064 -0.1040624  -0.99060345  0.        ]
 [-0.03096597  0.07969455 -0.0553421   1.        ]]",TRUE,TRUE,[ 0.05048847 -0.06285528 -0.02807957],[-0.03344974 -0.01534137  0.9993227 ],TRUE,[ 0.04906167 -0.01524552 -0.02881326],[-0.0308739  -0.06607551  0.9973369 ],TRUE,[ 0.05097343 -0.078715   -0.0278547 ],[-0.03264092  0.00278136  0.9994633 ],FALSE,0,FALSE,0,FALSE,0,FALSE
7.91228E+11,"[[ 0.02841419 -0.994394    0.10184795  0.        ]
 [-0.9955731  -0.01902032  0.09204404  0.        ]
 [-0.08959085 -0.10401244 -0.9905324   0.        ]
 [-0.03092273  0.07974863 -0.05528121  1.        ]]",TRUE,TRUE,[ 0.05048559 -0.06269929 -0.02808832],[-0.03304504 -0.01514308  0.9993391 ],TRUE,[ 0.0490624  -0.015265   -0.02879606],[-0.03058674 -0.06607775  0.99734557],TRUE,[ 0.05097456 -0.07872812 -0.02785965],[-0.03216081  0.00358265  0.9994763 ],FALSE,0,FALSE,0,FALSE,0,FALSE
7.91228E+11,"[[ 0.02785933 -0.99440205  0.10192336  0.        ]
 [-0.9955243  -0.01838923  0.09269926  0.        ]
 [-0.09030604 -0.10404973 -0.9904636   0.        ]
 [-0.03086241  0.07978822 -0.05520833  1.        ]]",TRUE,TRUE,[ 0.05048344 -0.06260581 -0.028094  ],[-0.03301451 -0.01510067  0.9993408 ],TRUE,[ 0.04906002 -0.01528282 -0.02878531],[-0.0312652  -0.06612345  0.9973216 ],TRUE,[ 0.05096606 -0.0787457  -0.02787142],[-0.03291449  0.00360421  0.9994517 ],FALSE,0,FALSE,0,FALSE,0,FALSE
7.91228E+11,"[[ 0.0271312  -0.994387    0.10226769  0.        ]
 [-0.99545234 -0.01753056  0.09363555  0.        ]
 [-0.09131717 -0.10434305 -0.9903405   0.        ]
 [-0.03079481  0.07979246 -0.05519624  1.        ]]",TRUE,TRUE,[ 0.05048691 -0.06271026 -0.02809843],[-0.03322031 -0.01442085  0.99934405],TRUE,[ 0.04905844 -0.01530871 -0.02875661],[-0.03182354 -0.0662919   0.9972926 ],TRUE,[ 0.05096667 -0.07876859 -0.0278773 ],[-0.03365057  0.00388442  0.9994262 ],FALSE,0,FALSE,0,FALSE,0,FALSE
7.91228E+11,"[[ 0.02695674 -0.9943676   0.10250068  0.        ]
 [-0.99542654 -0.01730096  0.09395009  0.        ]
 [-0.09164757 -0.10456449 -0.99028635  0.        ]
 [-0.03073425  0.07978242 -0.05516611  1.        ]]",TRUE,TRUE,[ 0.05048262 -0.06259831 -0.02810173],[-0.03388653 -0.01493795  0.9993141 ],TRUE,[ 0.04905616 -0.01532478 -0.02874782],[-0.03332169 -0.06669796  0.99721676],TRUE,[ 0.05096488 -0.07879347 -0.02789599],[-0.03518497  0.00249703  0.99937767],FALSE,0,FALSE,0,FALSE,0,FALSE
7.91228E+11,"[[ 0.02688468 -0.9943384   0.10280254  0.        ]
 [-0.99541044 -0.01718056  0.09414229  0.        ]
 [-0.09184311 -0.10486171 -0.99023676  0.        ]
 [-0.0307196   0.07973388 -0.05520333  1.        ]]",TRUE,TRUE,[ 0.05047963 -0.06252964 -0.02810385],[-0.03443285 -0.01490668  0.99929583],TRUE,[ 0.04905383 -0.01533431 -0.02873788],[-0.03360954 -0.06693142  0.9971913 ],TRUE,[ 0.0509587  -0.07879073 -0.02789359],[-0.03545415  0.00364471  0.99936473],FALSE,0,FALSE,0,FALSE,0,FALSE
7.91228E+11,"[[ 0.02684194 -0.99429953  0.10318888  0.        ]
 [-0.995407   -0.01709628  0.09419495  0.        ]
 [-0.09189384 -0.10524331 -0.9901917   0.        ]
 [-0.03065709  0.07969431 -0.05522136  1.        ]]",TRUE,TRUE,[ 0.05047339 -0.06235752 -0.02810781],[-0.03484467 -0.01524575  0.99927646],TRUE,[ 0.0490569  -0.01534407 -0.02872896],[-0.03362136 -0.0672612   0.9971688 ],TRUE,[ 0.05095387 -0.07880022 -0.02789874],[-0.03566021  0.00342087  0.9993582 ],FALSE,0,FALSE,0,FALSE,0,FALSE
7.91228E+11,"[[ 0.02680087 -0.99424404  0.10373449  0.        ]
 [-0.99541634 -0.01701343  0.09411325  0.        ]
 [-0.09180665 -0.10578132 -0.9901426   0.        ]
 [-0.03056674  0.07964475 -0.05523509  1.        ]]",TRUE,TRUE,[ 0.05047953 -0.06260587 -0.02810531],[-0.03533494 -0.01479278  0.999266  ],TRUE,[ 0.04905599 -0.01532513 -0.02874839],[-0.03421128 -0.06718086  0.9971541 ],TRUE,[ 0.05095368 -0.07878923 -0.02788821],[-0.03619101  0.00234585  0.99934214],FALSE,0,FALSE,0,FALSE,0,FALSE
7.91229E+11,"[[ 0.02675021 -0.9941691   0.10446021  0.        ]
 [-0.99543977 -0.01692021  0.09387809  0.        ]
 [-0.09156321 -0.10649511 -0.9900882   0.        ]
 [-0.0305022   0.07955862 -0.0553152   1.        ]]",TRUE,TRUE,[ 0.05048453 -0.06285098 -0.0281023 ],[-0.03618677 -0.01474664  0.9992363 ],TRUE,[ 0.04904536 -0.01532209 -0.02874702],[-0.03572421 -0.06738675  0.99708706],TRUE,[ 0.05094657 -0.0787987  -0.02789112],[-3.767251e-02  7.720651e-04  9.992899e-01],FALSE,0,FALSE,0,FALSE,0,FALSE
7.91229E+11,"[[ 0.02664071 -0.994087    0.1052679   0.        ]
 [-0.9954823  -0.01678205  0.09345257  0.        ]
 [-0.09113339 -0.10728197 -0.99004316  0.        ]
 [-0.03038812  0.07947783 -0.05536772  1.        ]]",TRUE,TRUE,[ 0.05048319 -0.06293448 -0.02810129],[-0.03711557 -0.0153906   0.99919254],TRUE,[ 0.04902845 -0.01528168 -0.02880496],[-0.03673507 -0.06667662  0.9970981 ],TRUE,[ 0.050935   -0.07876769 -0.0278598 ],[-3.8760532e-02  3.5297178e-04  9.9924845e-01],FALSE,0,FALSE,0,FALSE,0,FALSE
7.91229E+11,"[[ 0.02650779 -0.99399793  0.10613792  0.        ]
 [-0.99555135 -0.01664662  0.09273707  0.        ]
 [-0.09041362 -0.108124   -0.9900172   0.        ]
 [-0.03023939  0.0794016  -0.05541699  1.        ]]",TRUE,TRUE,[ 0.05047975 -0.06297503 -0.02810042],[-0.03762879 -0.01572686  0.9991681 ],TRUE,[ 0.04901245 -0.01530639 -0.02875236],[-0.03649693 -0.06749309  0.997052  ],TRUE,[ 0.05093106 -0.07877815 -0.02786961],[-0.03842216  0.0011697   0.9992609 ],FALSE,0,FALSE,0,FALSE,0,FALSE
7.91229E+11,"[[ 0.02639163 -0.99390197  0.10706333  0.        ]
 [-0.9956559  -0.01656854  0.09162415  0.        ]
 [-0.08929154 -0.10901635 -0.99002147  0.        ]
 [-0.03010078  0.07931095 -0.05553862  1.        ]]",TRUE,TRUE,[ 0.05048252 -0.06321669 -0.02809485],[-0.03815416 -0.01610393  0.99914217],TRUE,[ 0.04899186 -0.01522307 -0.02885009],[-0.03714434 -0.06563938  0.9971518 ],TRUE,[ 0.05092719 -0.0787432  -0.02782639],[-0.03885487 -0.00243188  0.9992419 ],FALSE,0,FALSE,0,FALSE,0,FALSE
7.91229E+11,"[[ 0.02632666 -0.9938087   0.10794153  0.        ]
 [-0.9957984  -0.01659822  0.09005662  0.        ]
 [-0.08770742 -0.10985889 -0.9900701   0.        ]
 [-0.02989684  0.07924443 -0.05564203  1.        ]]",TRUE,TRUE,[ 0.0504754  -0.06314649 -0.02809261],[-0.03794682 -0.01676465  0.9991392 ],TRUE,[ 0.04898679 -0.01523033 -0.02883941],[-0.03554773 -0.06603033  0.9971842 ],TRUE,[ 0.05092258 -0.07872882 -0.02781087],[-3.7363164e-02 -4.8662766e-04  9.9930161e-01],FALSE,0,FALSE,0,FALSE,0,FALSE
7.91229E+11,"[[ 0.02635103 -0.9937295   0.1086617   0.        ]
 [-0.99597037 -0.01677692  0.08810022  0.        ]
 [-0.08572477 -0.11054536 -0.99016714  0.        ]
 [-0.02965493  0.07919821 -0.05574793  1.        ]]",TRUE,TRUE,[ 0.05047152 -0.06321901 -0.02808694],[-0.03823978 -0.01577144  0.9991442 ],TRUE,[ 0.04898342 -0.01525569 -0.02876859],[-0.03670333 -0.06674208  0.99709487],TRUE,[ 0.05090856 -0.0787204  -0.02781367],[-0.03860564  0.00269581  0.99925095],FALSE,0,FALSE,0,FALSE,0,TRUE
7.91229E+11,"[[ 0.0264746  -0.9936664   0.10920922  0.        ]
 [-0.9961575  -0.01710093  0.08589664  0.        ]
 [-0.08348503 -0.11106366 -0.9903009   0.        ]
 [-0.02943507  0.0791411  -0.05589917  1.        ]]",TRUE,TRUE,[ 0.05047619 -0.06360598 -0.02807268],[-0.03877262 -0.01472325  0.9991396 ],TRUE,[ 0.04896441 -0.01518934 -0.02880838],[-0.03777292 -0.06625181  0.9970878 ],TRUE,[ 0.05089606 -0.07867494 -0.02777014],[-3.9483991e-02  7.8404334e-04  9.9921995e-01],FALSE,0,FALSE,0,FALSE,0,TRUE
7.91229E+11,"[[ 0.02670658 -0.9936179   0.10959114  0.        ]
 [-0.99634767 -0.01756346  0.08356272  0.        ]
 [-0.08110462 -0.11142257 -0.990458    0.        ]
 [-0.02918813  0.07911578 -0.05602818  1.        ]]",TRUE,TRUE,[ 0.05047307 -0.06372651 -0.02806188],[-0.03858868 -0.01450409  0.9991499 ],TRUE,[ 0.04896845 -0.01518177 -0.02880181],[-0.03624262 -0.06629053  0.99714196],TRUE,[ 0.05089136 -0.07865386 -0.02775616],[-0.03802982  0.00221533  0.9992741 ],FALSE,0,FALSE,0,FALSE,0,TRUE
7.91229E+11,"[[ 0.02704066 -0.99358046  0.10984928  0.        ]
 [-0.9965329  -0.01814401  0.08119881  0.        ]
 [-0.07868446 -0.11166409 -0.99062634  0.        ]
 [-0.02893022  0.0791072  -0.05614039  1.        ]]",TRUE,TRUE,[ 0.05047092 -0.06388047 -0.02804635],[-0.03860604 -0.01377713  0.9991596 ],TRUE,[ 0.04896376 -0.01511719 -0.02884049],[-0.03678517 -0.06562766  0.9971659 ],TRUE,[ 0.05088555 -0.07857343 -0.02768959],[-0.03844589  0.00458291  0.9992502 ],FALSE,0,FALSE,0,FALSE,0,TRUE
7.9123E+11,"[[ 0.02746236 -0.99355584  0.10996462  0.        ]
 [-0.99670345 -0.01881468  0.07891667  0.        ]
 [-0.07633917 -0.11176936 -0.9907973   0.        ]
 [-0.02873859  0.07908902 -0.05627717  1.        ]]",TRUE,TRUE,[ 0.05046464 -0.06388471 -0.02803115],[-0.03818651 -0.01215921  0.9991967 ],TRUE,[ 0.0489618  -0.01511142 -0.02883544],[-0.03565493 -0.06566835  0.99720424],TRUE,[ 0.05088906 -0.0785427  -0.02767192],[-0.0371874   0.00731689  0.9992815 ],FALSE,0,FALSE,0,FALSE,0,TRUE
7.9123E+11,"[[ 0.02794623 -0.9935496   0.10990005  0.        ]
 [-0.9968513  -0.01953852  0.07684682  0.        ]
 [-0.07420383 -0.11170159 -0.99096715  0.        ]
 [-0.02854283  0.07909624 -0.05636927  1.        ]]",TRUE,TRUE,[ 0.05045714 -0.06383242 -0.02801231],[-0.03817806 -0.01098603  0.99921066],TRUE,[ 0.04895711 -0.01502748 -0.028897  ],[-0.03634768 -0.06476247  0.9972386 ],TRUE,[ 0.05088313 -0.07846534 -0.02760113],[-0.03804693  0.00733703  0.999249  ],FALSE,0,FALSE,0,FALSE,0,TRUE
7.9123E+11,"[[ 0.02847117 -0.9935538   0.10972977  0.        ]
 [-0.99697155 -0.02027762  0.07507929  0.        ]
 [-0.07237026 -0.11153504 -0.99112225  0.        ]
 [-0.02837391  0.07911803 -0.05642731  1.        ]]",TRUE,TRUE,[ 0.05045215 -0.06382263 -0.02799202],[-0.03796966 -0.01106972  0.9992176 ],TRUE,[ 0.04895226 -0.01494954 -0.02895483],[-0.03592373 -0.06397449  0.99730474],TRUE,[ 0.05088345 -0.07840897 -0.02754793],[-0.03749402  0.00559219  0.99928117],FALSE,0,FALSE,0,FALSE,0,TRUE
7.9123E+11,"[[ 0.02902764 -0.99356323  0.10949587  0.        ]
 [-0.99706143 -0.02101111  0.07366773  0.        ]
 [-0.07089292 -0.11131251 -0.9912534   0.        ]
 [-0.02828113  0.0791195  -0.05647652  1.        ]]",TRUE,TRUE,[ 0.05045603 -0.06408355 -0.02796643],[-0.03784411 -0.00979467  0.9992357 ],TRUE,[ 0.04895255 -0.01496387 -0.02893911],[-0.03599021 -0.06438157  0.9972762 ],TRUE,[ 0.05088216 -0.07840745 -0.02755275],[-0.03748615  0.00690703  0.9992733 ],FALSE,0,FALSE,0,FALSE,0,TRUE
7.9123E+11,"[[ 0.02958608 -0.9935776   0.10921556  0.        ]
 [-0.9971224  -0.02170753  0.07263239  0.        ]
 [-0.0697951  -0.11105019 -0.99136066  0.        ]
 [-0.02820187  0.07913232 -0.05648496  1.        ]]",TRUE,TRUE,[ 0.05045861 -0.06426342 -0.02794015],[-0.03716176 -0.00880751  0.9992705 ],TRUE,[ 0.04894971 -0.01490838 -0.02897648],[-0.03433385 -0.06388924  0.99736613],TRUE,[ 0.05088742 -0.07836475 -0.02751667],[-0.0357695   0.00583971  0.9993431 ],FALSE,0,FALSE,0,FALSE,0,TRUE
7.9123E+11,"[[ 0.03014249 -0.99359226  0.10893099  0.        ]
 [-0.9971615  -0.02236903  0.07189296  0.        ]
 [-0.06899562 -0.11078882 -0.99144626  0.        ]
 [-0.02814419  0.07914869 -0.05646442  1.        ]]",TRUE,TRUE,[ 0.05046623 -0.06460598 -0.02791262],[-0.03687174 -0.00805729  0.99928755],TRUE,[ 0.04894764 -0.01491353 -0.0289692 ],[-0.03464251 -0.06415593  0.9973384 ],TRUE,[ 0.0508833  -0.07835318 -0.02751013],[-0.03636733  0.00742197  0.999311  ],FALSE,0,FALSE,0,FALSE,0,TRUE
7.9123E+11,"[[ 0.03065681 -0.99361277  0.10859962  0.        ]
 [-0.9971851  -0.02296591  0.07137517  0.        ]
 [-0.06842519 -0.11048206 -0.9915199   0.        ]
 [-0.02813933  0.07914543 -0.05644229  1.        ]]",TRUE,TRUE,[ 0.05046627 -0.06465471 -0.02789151],[-0.03643918 -0.00796524  0.99930423],TRUE,[ 0.04894497 -0.01490677 -0.02897031],[-0.03407897 -0.06410087  0.99736136],TRUE,[ 0.0508866  -0.07834525 -0.02750278],[-0.03572538  0.00756358  0.999333  ],FALSE,0,FALSE,0,FALSE,0,TRUE
7.9123E+11,"[[ 0.03107327 -0.99363726  0.10825441  0.        ]
 [-0.99719924 -0.02344704  0.07101752  0.        ]
 [-0.0680274  -0.11015797 -0.9915829   0.        ]
 [-0.02813004  0.0791707  -0.0563997   1.        ]]",TRUE,TRUE,[ 0.05046643 -0.06466133 -0.02787211],[-0.03622784 -0.0070849   0.9993185 ],TRUE,[ 0.04894273 -0.01490607 -0.02896618],[-0.03427579 -0.06416278  0.99735063],TRUE,[ 0.05088848 -0.07833931 -0.02750067],[-0.03593494  0.00798334  0.9993223 ],FALSE,0,FALSE,0,FALSE,0,TRUE
7.91231E+11,"[[ 0.03171259 -0.9936952   0.10753778  0.        ]
 [-0.9971958  -0.02415907  0.07083245  0.        ]
 [-0.06778786 -0.10948248 -0.9916748   0.        ]
 [-0.0281918   0.07922532 -0.05631132  1.        ]]",TRUE,TRUE,[ 0.05047892 -0.06500656 -0.02783346],[-0.03549875 -0.00722125  0.9993437 ],TRUE,[ 0.04895101 -0.01488439 -0.02898713],[-0.03297141 -0.06417792  0.9973936 ],TRUE,[ 0.05089854 -0.07832352 -0.02747676],[-0.03471857  0.00712845  0.9993717 ],FALSE,0,FALSE,0,FALSE,0,TRUE
7.91231E+11,"[[ 0.03199464 -0.99372625  0.10716605  0.        ]
 [-0.9971757  -0.02444744  0.0710137   0.        ]
 [-0.06794825 -0.10913543 -0.99170184  0.        ]
 [-0.02822821  0.07927822 -0.05623418  1.        ]]",TRUE,TRUE,[ 0.05048328 -0.06510269 -0.02781873],[-0.03536765 -0.00753475  0.999346  ],TRUE,[ 0.04895213 -0.01487058 -0.02899816],[-0.03371876 -0.06405907  0.9973763 ],TRUE,[ 0.05090101 -0.07832143 -0.02747169],[-0.035357    0.00588374  0.9993574 ],FALSE,0,FALSE,0,FALSE,0,TRUE
7.91231E+11,"[[ 0.03227556 -0.99375784  0.1067866   0.        ]
 [-0.99714386 -0.0247165   0.07136457  0.        ]
 [-0.06827971 -0.10878494 -0.9917171   0.        ]
 [-0.0282828   0.07933184 -0.05614865  1.        ]]",TRUE,TRUE,[ 0.05049042 -0.06526781 -0.02780701],[-0.0353122  -0.00793809  0.9993449 ],TRUE,[ 0.04895248 -0.01486749 -0.02900556],[-0.03389166 -0.06410238  0.9973676 ],TRUE,[ 0.05090538 -0.07833037 -0.0274742 ],[-0.03542383  0.00444788  0.99936247],FALSE,0,FALSE,0,FALSE,0,TRUE
7.91231E+11,"[[ 0.03257239 -0.9937854   0.10644099  0.        ]
 [-0.9970993  -0.02498043  0.07189596  0.        ]
 [-0.06879021 -0.10847405 -0.9917164   0.        ]
 [-0.02838932  0.07934256 -0.05606661  1.        ]]",TRUE,TRUE,[ 0.05050001 -0.0655032  -0.02779645],[-0.03531525 -0.00832628  0.99934155],TRUE,[ 0.04895341 -0.01486913 -0.0290054 ],[-0.03405315 -0.06402531  0.99736714],TRUE,[ 0.05091067 -0.07832946 -0.02746978],[-0.03555072  0.00484163  0.99935615],FALSE,0,FALSE,0,FALSE,0,TRUE
7.91231E+11,"[[ 0.03291517 -0.9938095   0.10611029  0.        ]
 [-0.99704224 -0.02527273  0.07258198  0.        ]
 [-0.06945096 -0.10818549 -0.99170184  0.        ]
 [-0.02847985  0.07938006 -0.05596849  1.        ]]",TRUE,TRUE,[ 0.05050515 -0.06558187 -0.02778988],[-0.03503764 -0.00865138  0.9993486 ],TRUE,[ 0.04895682 -0.01487587 -0.02900379],[-0.03323188 -0.06410246  0.9973898 ],TRUE,[ 0.05091273 -0.07834865 -0.0274795 ],[-0.03473317  0.00330467  0.9993911 ],FALSE,0,FALSE,0,FALSE,0,TRUE
7.91231E+11,"[[ 0.03328794 -0.9938313   0.10578778  0.        ]
 [-0.99697506 -0.02558112  0.07339065  0.        ]
 [-0.07023176 -0.1079108  -0.99167657  0.        ]
 [-0.02858481  0.07941088 -0.0558692   1.        ]]",TRUE,TRUE,[ 0.05050903 -0.06562463 -0.02778765],[-0.03477402 -0.00792521  0.99936384],TRUE,[ 0.04896078 -0.01492256 -0.02896269],[-0.03300843 -0.06433183  0.9973825 ],TRUE,[ 0.05091669 -0.07837156 -0.02750422],[-0.03451089  0.00594729  0.9993866 ],FALSE,0,FALSE,0,FALSE,0,TRUE
7.91231E+11,"[[ 0.03365535 -0.9938468   0.1055258   0.        ]
 [-0.99690115 -0.02587092  0.07428635  0.        ]
 [-0.0710992  -0.10769894 -0.9916377   0.        ]
 [-0.02872849  0.07940461 -0.05576759  1.        ]]",TRUE,TRUE,[ 0.05051195 -0.06564078 -0.02778704],[-0.03441726 -0.00833903  0.9993728 ],TRUE,[ 0.04896593 -0.01491422 -0.02897277],[-0.03236849 -0.06397537  0.99742645],TRUE,[ 0.05090994 -0.07838172 -0.02750556],[-0.0340758   0.00424554  0.9994102 ],FALSE,0,FALSE,0,FALSE,0,TRUE
7.91231E+11,"[[ 0.03417319 -0.99385923  0.10524204  0.        ]
 [-0.99679595 -0.0262742   0.07554762  0.        ]
 [-0.07231857 -0.10748655 -0.99157274  0.        ]
 [-0.02889253  0.07942274 -0.0556436   1.        ]]",TRUE,TRUE,[ 0.05051338 -0.06560763 -0.02778895],[-0.03422361 -0.00955501  0.9993685 ],TRUE,[ 0.0489599  -0.01492101 -0.02897273],[-0.0326651  -0.06391487  0.99742067],TRUE,[ 0.05091553 -0.07839968 -0.02751558],[-0.03423057  0.00312245  0.99940914],FALSE,0,FALSE,0,FALSE,0,TRUE
7.91231E+11,"[[ 0.03417319 -0.99385923  0.10524204  0.        ]
 [-0.99679595 -0.0262742   0.07554762  0.        ]
 [-0.07231857 -0.10748655 -0.99157274  0.        ]
 [-0.02889253  0.07942274 -0.0556436   1.        ]]",TRUE,TRUE,[ 0.05051338 -0.06560763 -0.02778895],[-0.03422361 -0.00955501  0.9993685 ],TRUE,[ 0.0489599  -0.01492101 -0.02897273],[-0.0326651  -0.06391487  0.99742067],TRUE,[ 0.05091553 -0.07839968 -0.02751558],[-0.03423057  0.00312245  0.99940914],FALSE,0,FALSE,0,FALSE,0,TRUE
7.91231E+11,"[[ 0.03452957 -0.99385756  0.10514348  0.        ]
 [-0.99672574 -0.02654958  0.07637488  0.        ]
 [-0.07311424 -0.10743641 -0.99152017  0.        ]
 [-0.02900479  0.07941188 -0.05556582  1.        ]]",TRUE,TRUE,[ 0.05050949 -0.0654081  -0.02779852],[-0.03467911 -0.01013588  0.9993471 ],TRUE,[ 0.04896094 -0.01499621 -0.02891835],[-0.03408146 -0.06486153  0.99731207],TRUE,[ 0.05091653 -0.07845865 -0.02757513],[-0.03598028  0.00424215  0.9993435 ],FALSE,0,FALSE,0,FALSE,0,TRUE
7.91232E+11,"[[ 0.03520256 -0.99380684  0.10539635  0.        ]
 [-0.99660087 -0.02704895  0.07781227  0.        ]
 [-0.07447951 -0.10777728 -0.99138093  0.        ]
 [-0.02925987  0.07930194 -0.05544554  1.        ]]",TRUE,TRUE,[ 0.05050598 -0.0652053  -0.02781729],[-0.0346847  -0.01120968  0.99933547],TRUE,[ 0.0489593  -0.01501185 -0.02890707],[-0.0329381  -0.06466595  0.99736315],TRUE,[ 0.05091532 -0.07848719 -0.02759153],[-0.03460558  0.0030737   0.9993964 ],FALSE,0,FALSE,0,FALSE,0,TRUE
7.91232E+11,"[[ 0.03547406 -0.99377906  0.10556888  0.        ]
 [-0.99655044 -0.02724576  0.07838902  0.        ]
 [-0.07502506 -0.1079855  -0.9913175   0.        ]
 [-0.02935151  0.07926948 -0.05540916  1.        ]]",TRUE,TRUE,[ 0.05050458 -0.06514149 -0.02782709],[-0.03464941 -0.01139959  0.9993345 ],TRUE,[ 0.04895783 -0.01502441 -0.02890083],[-0.03321506 -0.0648842   0.99733984],TRUE,[ 0.05091326 -0.07849628 -0.02759937],[-0.03494835  0.00320524  0.99938405],FALSE,0,FALSE,0,FALSE,0,TRUE
7.91232E+11,"[[ 0.03570366 -0.9937492   0.10577193  0.        ]
 [-0.99650615 -0.02740538  0.07889523  0.        ]
 [-0.07550335 -0.10821922 -0.99125576  0.        ]
 [-0.02946899  0.07920456 -0.05537212  1.        ]]",TRUE,TRUE,[ 0.05050231 -0.06506819 -0.02783777],[-0.03496674 -0.01175742  0.9993193 ],TRUE,[ 0.04895634 -0.01503302 -0.02889092],[-0.03414475 -0.06504665  0.9972979 ],TRUE,[ 0.05091128 -0.07851694 -0.02761233],[-0.0359203   0.00177201  0.9993532 ],FALSE,0,FALSE,0,FALSE,0,TRUE
7.91232E+11,"[[ 0.03587884 -0.9937185   0.10599858  0.        ]
 [-0.9964658  -0.02751195  0.07936297  0.        ]
 [-0.07594823 -0.10847142 -0.99119365  0.        ]
 [-0.02954969  0.07917369 -0.05535736  1.        ]]",TRUE,TRUE,[ 0.05050291 -0.06509717 -0.02784638],[-0.03526887 -0.01185774  0.9993076 ],TRUE,[ 0.04895711 -0.01504088 -0.02888282],[-0.03441742 -0.06536103  0.9972679 ],TRUE,[ 0.05091337 -0.07852222 -0.0276124 ],[-0.03614235  0.00179488  0.9993452 ],FALSE,0,FALSE,0,FALSE,0,TRUE
7.91232E+11,"[[ 0.03601462 -0.99368715  0.10624705  0.        ]
 [-0.99642706 -0.02757847  0.07982633  0.        ]
 [-0.07639227 -0.10874235 -0.9911301   0.        ]
 [-0.02963271  0.07913999 -0.05534796  1.        ]]",TRUE,TRUE,[ 0.05050025 -0.06503621 -0.02785663],[-0.03556231 -0.01202068  0.99929523],TRUE,[ 0.04896205 -0.01504536 -0.02888007],[-0.03447007 -0.06553234  0.9972548 ],TRUE,[ 0.05090849 -0.07852929 -0.02761571],[-0.03643902  0.0013248   0.99933505],FALSE,0,FALSE,0,FALSE,0,TRUE
7.91232E+11,"[[ 0.03616047 -0.9936549   0.10650086  0.        ]
 [-0.9963885  -0.02765524  0.08028223  0.        ]
 [-0.07682753 -0.10901927 -0.99106634  0.        ]
 [-0.02974389  0.07907508 -0.05532743  1.        ]]",TRUE,TRUE,[ 0.05049149 -0.06479075 -0.02786981],[-0.03586737 -0.0126982   0.99927586],TRUE,[ 0.04895921 -0.01506249 -0.02886206],[-0.03495818 -0.06603034  0.9972051 ],TRUE,[ 0.05090836 -0.07854439 -0.02762499],[-0.03673692  0.00110104  0.9993244 ],FALSE,0,FALSE,0,FALSE,0,TRUE
7.91232E+11,"[[ 0.03631562 -0.9936241   0.1067357   0.        ]
 [-0.9963534  -0.02774835  0.08068534  0.        ]
 [-0.07720917 -0.10927662 -0.9910085   0.        ]
 [-0.02981392  0.0790457  -0.05533169  1.        ]]",TRUE,TRUE,[ 0.05048396 -0.06458589 -0.02788175],[-0.03595268 -0.01349421  0.9992624 ],TRUE,[ 0.04896158 -0.0150666  -0.02885453],[-0.03449956 -0.06587528  0.99723136],TRUE,[ 0.05090157 -0.07855253 -0.02763079],[-3.6451567e-02  8.5768179e-04  9.9933511e-01],FALSE,0,FALSE,0,FALSE,0,TRUE
7.91232E+11,"[[ 0.0364747  -0.9935892   0.10700469  0.        ]
 [-0.9963266  -0.0278542   0.08097703  0.        ]
 [-0.07747737 -0.10956524 -0.99095535  0.        ]
 [-0.02987296  0.07901668 -0.05535679  1.        ]]",TRUE,TRUE,[ 0.0504861  -0.06473314 -0.02788547],[-0.03658913 -0.01343315  0.99924016],TRUE,[ 0.04895628 -0.01507467 -0.0288415 ],[-0.03613671 -0.06617682  0.9971533 ],TRUE,[ 0.05089248 -0.07856002 -0.02763425],[-3.8042963e-02  6.3892483e-04  9.9927592e-01],FALSE,0,FALSE,0,FALSE,0,TRUE
7.91233E+11,"[[ 0.03663355 -0.99355227  0.1072947   0.        ]
 [-0.996309   -0.02797139  0.08115686  0.        ]
 [-0.0776324  -0.10987174 -0.9909098   0.        ]
 [-0.02995706  0.07894948 -0.05536542  1.        ]]",TRUE,TRUE,[ 0.05048669 -0.06482734 -0.0278873 ],[-0.03671822 -0.01369397  0.99923193],TRUE,[ 0.04895017 -0.01507211 -0.02885568],[-0.03539142 -0.06601456  0.9971908 ],TRUE,[ 0.05089398 -0.07856438 -0.02763776],[-3.7159357e-02  2.8166029e-05  9.9930930e-01],FALSE,0,FALSE,0,FALSE,0,TRUE
7.91233E+11,"[[ 0.0367381  -0.9935048   0.10769778  0.        ]
 [-0.99630076 -0.02803564  0.0812356   0.        ]
 [-0.07768857 -0.11028381 -0.9908595   0.        ]
 [-0.02998519  0.07892008 -0.05541392  1.        ]]",TRUE,TRUE,[ 0.05048448 -0.06483188 -0.02789086],[-0.03695368 -0.01451988  0.9992116 ],TRUE,[ 0.04894662 -0.01506986 -0.02886557],[-0.03572203 -0.06586134  0.9971891 ],TRUE,[ 0.05089192 -0.07857034 -0.02764392],[-3.7660941e-02 -7.9573289e-04  9.9929017e-01],FALSE,0,FALSE,0,FALSE,0,TRUE
7.91233E+11,"[[ 0.03678316 -0.99344873  0.10819736  0.        ]
 [-0.9962982  -0.02803814  0.08126348  0.        ]
 [-0.07769746 -0.11078596 -0.9908025   0.        ]
 [-0.03000487  0.07887849 -0.05546815  1.        ]]",TRUE,TRUE,[ 0.05048489 -0.06495053 -0.02789047],[-0.03662233 -0.01487164  0.99921864],TRUE,[ 0.04892777 -0.01500961 -0.02894891],[-0.03437614 -0.0646125   0.9973182 ],TRUE,[ 0.05088414 -0.07853733 -0.02760584],[-0.03618089 -0.00282247  0.9993413 ],FALSE,0,FALSE,0,FALSE,0,TRUE
7.91233E+11,"[[ 0.03673649 -0.9933834   0.10881058  0.        ]
 [-0.9963019  -0.02794456  0.08124977  0.        ]
 [-0.07767151 -0.11139302 -0.99073625  0.        ]
 [-0.03005012  0.07880046 -0.05552315  1.        ]]",TRUE,TRUE,[ 0.05047999 -0.0649174  -0.02789241],[-0.03688174 -0.01581921  0.99919444],TRUE,[ 0.04891693 -0.01499535 -0.02895918],[-0.03579418 -0.06476787  0.9972582 ],TRUE,[ 0.05087582 -0.07852846 -0.02759827],[-0.03762393 -0.00352752  0.99928576],FALSE,0,FALSE,0,FALSE,0,TRUE
7.91233E+11,"[[ 0.03663033 -0.9933116   0.10950131  0.        ]
 [-0.9963098  -0.02778876  0.08120877  0.        ]
 [-0.07762272 -0.11207192 -0.990664    0.        ]
 [-0.03005086  0.07873096 -0.05558908  1.        ]]",TRUE,TRUE,[ 0.05047594 -0.06492008 -0.02789226],[-0.03678572 -0.01635051  0.99918944],TRUE,[ 0.04890348 -0.01498442 -0.02896441],[-0.03505945 -0.06482775  0.9972804 ],TRUE,[ 0.05087272 -0.07852218 -0.02759169],[-0.03681043 -0.00416299  0.9993136 ],FALSE,0,FALSE,0,FALSE,0,TRUE
7.91233E+11,"[[ 0.03647453 -0.9932407   0.11019178  0.        ]
 [-0.9963205  -0.02758515  0.08114289  0.        ]
 [-0.07755475 -0.11274599 -0.99059224  0.        ]
 [-0.03004875  0.07865808 -0.05565207  1.        ]]",TRUE,TRUE,[ 0.05046615 -0.06477609 -0.02789494],[-0.03680218 -0.01700133  0.99917793],TRUE,[ 0.04889265 -0.01498463 -0.02896437],[-0.03521829 -0.06484688  0.9972736 ],TRUE,[ 0.05086257 -0.07852018 -0.02758623],[-0.03711237 -0.00397628  0.99930316],FALSE,0,FALSE,0,FALSE,0,TRUE
7.91233E+11,"[[ 0.03626817 -0.99318105  0.11079666  0.        ]
 [-0.99633175 -0.02733696  0.08109053  0.        ]
 [-0.07750875 -0.11333124 -0.9905293   0.        ]
 [-0.03007417  0.07857853 -0.05570286  1.        ]]",TRUE,TRUE,[ 0.0504563  -0.06463938 -0.02789586],[-0.03639866 -0.01851161  0.99916595],TRUE,[ 0.04887847 -0.01491393 -0.02902477],[-0.03421855 -0.0641242   0.9973551 ],TRUE,[ 0.05085734 -0.0784942  -0.02755252],[-0.0358767  -0.00842901  0.9993206 ],FALSE,0,FALSE,0,FALSE,0,TRUE
7.91233E+11,"[[ 0.03603202 -0.99313533  0.11128291  0.        ]
 [-0.9963422  -0.02706611  0.08105297  0.        ]
 [-0.07748456 -0.11379636 -0.9904778   0.        ]
 [-0.03006893  0.07853937 -0.05576481  1.        ]]",TRUE,TRUE,[ 0.05044628 -0.06452872 -0.02789695],[-0.03659384 -0.01901106  0.9991494 ],TRUE,[ 0.04887575 -0.01496168 -0.02898416],[-0.03535266 -0.0646993   0.9972784 ],TRUE,[ 0.05084549 -0.07850822 -0.02757396],[-0.03732804 -0.00511328  0.99928993],FALSE,0,FALSE,0,FALSE,0,TRUE
7.91233E+11,"[[ 0.03576756 -0.9931037   0.11165131  0.        ]
 [-0.99635214 -0.026775    0.08102895  0.        ]
 [-0.07748068 -0.11414223 -0.9904387   0.        ]
 [-0.03006208  0.07851502 -0.05582022  1.        ]]",TRUE,TRUE,[ 0.05043679 -0.06443097 -0.02789932],[-0.03760065 -0.01956397  0.99910134],TRUE,[ 0.048877   -0.01500347 -0.02895067],[-0.03784243 -0.06591748  0.99710727],TRUE,[ 0.05084196 -0.07853693 -0.02760604],[-0.03985664 -0.00472858  0.99919426],FALSE,0,FALSE,0,FALSE,0,TRUE
7.91234E+11,"[[ 0.03543681 -0.99307925  0.11197262  0.        ]
 [-0.9963661  -0.02642429  0.08097179  0.        ]
 [-0.0774526  -0.11443509 -0.9904069   0.        ]
 [-0.03006778  0.07848112 -0.05586464  1.        ]]",TRUE,TRUE,[ 0.05042926 -0.06436187 -0.02790071],[-0.03807371 -0.0187256   0.9990995 ],TRUE,[ 0.04887681 -0.01500764 -0.02894433],[-0.03714858 -0.06521271  0.99717957],TRUE,[ 0.0508438  -0.07853378 -0.02760782],[-0.03918852 -0.00317737  0.9992267 ],FALSE,0,FALSE,0,FALSE,0,TRUE
7.91234E+11,"[[ 0.03503644 -0.9930625   0.11224639  0.        ]
 [-0.9963844  -0.02601182  0.08087878  0.        ]
 [-0.07739795 -0.11467426 -0.9903834   0.        ]
 [-0.0300502   0.07847587 -0.05591581  1.        ]]",TRUE,TRUE,[ 0.05041852 -0.06418655 -0.0279032 ],[-0.03812378 -0.01865573  0.99909896],TRUE,[ 0.04887723 -0.01499454 -0.02895334],[-0.0364519  -0.06516542  0.99720854],TRUE,[ 0.05084422 -0.07852125 -0.02759695],[-0.03845638 -0.00325168  0.99925506],FALSE,0,FALSE,0,FALSE,0,TRUE
7.91234E+11,"[[ 0.0345906  -0.9930518   0.11247846  0.        ]
 [-0.99640495 -0.02555871  0.08076994  0.        ]
 [-0.07733392 -0.11486797 -0.99036574  0.        ]
 [-0.03002846  0.07847645 -0.05596557  1.        ]]",TRUE,TRUE,[ 0.05041353 -0.06419556 -0.02790107],[-0.03833628 -0.01842554  0.999095  ],TRUE,[ 0.04887729 -0.01498275 -0.02896457],[-0.03686288 -0.06480378  0.99721694],TRUE,[ 0.05084169 -0.07851529 -0.02759092],[-0.038984   -0.00352499  0.99923354],FALSE,0,FALSE,0,FALSE,0,TRUE
7.91234E+11,"[[ 0.03412092 -0.993051    0.1126298   0.        ]
 [-0.9964265  -0.0250895   0.08065108  0.        ]
 [-0.0772648  -0.11497921 -0.99035835  0.        ]
 [-0.0300295   0.07845795 -0.05600351  1.        ]]",TRUE,TRUE,[ 0.0504027  -0.06399653 -0.02790403],[-0.03847096 -0.01844835  0.9990895 ],TRUE,[ 0.04887697 -0.01497619 -0.02896935],[-0.03694025 -0.0648865   0.99720865],TRUE,[ 0.05083719 -0.07851127 -0.02758425],[-0.03894514 -0.0039496   0.9992336 ],FALSE,0,FALSE,0,FALSE,0,TRUE
7.91234E+11,"[[ 0.03366023 -0.9930546   0.11273733  0.        ]
 [-0.9964466  -0.02463126  0.08054587  0.        ]
 [-0.07720959 -0.11504792 -0.990355    0.        ]
 [-0.03000846  0.07848337 -0.05604145  1.        ]]",TRUE,TRUE,[ 0.05040947 -0.06433535 -0.02789606],[-0.03898437 -0.01754312  0.9990858 ],TRUE,[ 0.04888539 -0.01497682 -0.02894892],[-0.03833733 -0.06532082  0.99712765],TRUE,[ 0.05083757 -0.07852136 -0.027592  ],[-0.03997939 -0.00518634  0.99918705],FALSE,0,FALSE,0,FALSE,0,TRUE
7.91234E+11,"[[ 0.03328359 -0.993067    0.11273803  0.        ]
 [-0.99646354 -0.02426457  0.08044475  0.        ]
 [-0.07715148 -0.11501683 -0.99036264  0.        ]
 [-0.02999013  0.07851915 -0.05607439  1.        ]]",TRUE,TRUE,[ 0.05040787 -0.06438962 -0.02789422],[-0.03922384 -0.01748684  0.99907744],TRUE,[ 0.04889201 -0.01499049 -0.02893051],[-0.03804487 -0.06577971  0.99710864],TRUE,[ 0.05083471 -0.07852699 -0.02759182],[-0.03973344 -0.00473149  0.99919915],FALSE,0,FALSE,0,FALSE,0,TRUE
7.91234E+11,"[[ 0.03302771 -0.9930937   0.11257893  0.        ]
 [-0.99648094 -0.02403748  0.08029921  0.        ]
 [-0.07703853 -0.11483485 -0.9903928   0.        ]
 [-0.02997494  0.07852534 -0.05606727  1.        ]]",TRUE,TRUE,[ 0.05040644 -0.06442291 -0.02789451],[-0.04016484 -0.01712313  0.9990463 ],TRUE,[ 0.0488999  -0.01503317 -0.02889242],[-0.04006674 -0.06607579  0.99700993],TRUE,[ 0.05083007 -0.07854317 -0.02761885],[-0.04206816 -0.00191223  0.9991129 ],FALSE,0,FALSE,0,FALSE,0,TRUE
7.91234E+11,"[[ 0.03274924 -0.99314725  0.112188    0.        ]
 [-0.9965223  -0.02384138  0.07984424  0.        ]
 [-0.07662238 -0.11441267 -0.9904742   0.        ]
 [-0.02991282  0.07862101 -0.05613576  1.        ]]",TRUE,TRUE,[ 0.05041344 -0.06470647 -0.02789284],[-0.04075875 -0.01642     0.9990341 ],TRUE,[ 0.04890006 -0.0150241  -0.02889617],[-0.0391862 -0.0660981  0.9970434],TRUE,[ 0.05083968 -0.07854296 -0.02762409],[-0.04100152 -0.00290651  0.9991549 ],FALSE,0,FALSE,0,FALSE,0,TRUE
7.91235E+11,"[[ 0.03256083 -0.99318135  0.11193921  0.        ]
 [-0.99655414 -0.02371287  0.07948141  0.        ]
 [-0.07628503 -0.11414146 -0.99053097  0.        ]
 [-0.02987268  0.07863754 -0.05615494  1.        ]]",TRUE,TRUE,[ 0.05041982 -0.0648978  -0.02788886],[-0.0411662  -0.01681685  0.99901086],TRUE,[ 0.04889956 -0.01500806 -0.02890816],[-0.04005329 -0.06568898  0.9970359 ],TRUE,[ 0.05084159 -0.07853878 -0.02761883],[-0.04196113 -0.00383407  0.9991119 ],FALSE,0,FALSE,0,FALSE,0,TRUE
7.91235E+11,"[[ 0.03233099 -0.9932062   0.11178564  0.        ]
 [-0.99659353 -0.0235455   0.07903723  0.        ]
 [-0.07586821 -0.1139602  -0.99058414  0.        ]
 [-0.02980551  0.07867657 -0.05620096  1.        ]]",TRUE,TRUE,[ 0.05042398 -0.06500663 -0.027885  ],[-0.04096983 -0.01674754  0.99902004],TRUE,[ 0.04889657 -0.01497586 -0.02893374],[-0.03888318 -0.06555939  0.9970908 ],TRUE,[ 0.05084782 -0.0785109  -0.02759144],[-0.04053393 -0.00430931  0.9991689 ],FALSE,0,FALSE,0,FALSE,0,TRUE
7.91235E+11,"[[ 0.03205681 -0.9932202   0.11173945  0.        ]
 [-0.99663997 -0.02333415  0.07851067  0.        ]
 [-0.07537102 -0.11388081 -0.99063087  0.        ]
 [-0.02973592  0.07867007 -0.05623222  1.        ]]",TRUE,TRUE,[ 0.05043078 -0.06521013 -0.02788007],[-0.04087511 -0.01668272  0.99902505],TRUE,[ 0.04890259 -0.01497953 -0.02893096],[-0.0388676  -0.0653669   0.99710417],TRUE,[ 0.05084353 -0.07851022 -0.02759566],[-0.04072    -0.00367544  0.9991638 ],FALSE,0,FALSE,0,FALSE,0,TRUE
7.91235E+11,"[[ 0.03177357 -0.9932237   0.11178995  0.        ]
 [-0.99669164 -0.02311444  0.07791977  0.        ]
 [-0.0748078  -0.11389589 -0.99067235  0.        ]
 [-0.02964624  0.07868595 -0.0562898   1.        ]]",TRUE,TRUE,[ 0.05043818 -0.0654375  -0.02787388],[-0.04096166 -0.0163903   0.99902624],TRUE,[ 0.0488975  -0.01496242 -0.02894194],[-0.03934186 -0.06561576  0.9970691 ],TRUE,[ 0.05084055 -0.07849243 -0.02758122],[-0.04113207 -0.00381809  0.9991464 ],FALSE,0,FALSE,0,FALSE,0,TRUE
7.91235E+11,"[[ 0.03155398 -0.99321425  0.11193644  0.        ]
 [-0.9967443  -0.0229553   0.07729003  0.        ]
 [-0.07419601 -0.11401081 -0.9907049   0.        ]
 [-0.02955457  0.07869187 -0.05635729  1.        ]]",TRUE,TRUE,[ 0.05044194 -0.0655603  -0.02786887],[-0.04119927 -0.01593431  0.9990239 ],TRUE,[ 0.04889625 -0.01496154 -0.02894215],[-0.0396746  -0.06589282  0.9970376 ],TRUE,[ 0.05083015 -0.07846633 -0.02756293],[-0.04175111 -0.00130753  0.9991272 ],FALSE,0,FALSE,0,FALSE,0,TRUE
7.91235E+11,"[[ 0.03143752 -0.9931996   0.11210023  0.        ]
 [-0.9967946  -0.02289939  0.07665791  0.        ]
 [-0.0735696  -0.11415083 -0.9907359   0.        ]
 [-0.02946652  0.07865685 -0.05638736  1.        ]]",TRUE,TRUE,[ 0.05043577 -0.06536101 -0.02787017],[-0.04104201 -0.01551057  0.999037  ],TRUE,[ 0.04890012 -0.01494391 -0.02895388],[-0.03878587 -0.06576201  0.9970813 ],TRUE,[ 0.05083087 -0.07845372 -0.02755547],[-0.04082618 -0.00179423  0.9991646 ],FALSE,0,FALSE,0,FALSE,0,TRUE
7.91235E+11,"[[ 0.03142375 -0.9931816   0.11226089  0.        ]
 [-0.9968401  -0.0229435   0.07604516  0.        ]
 [-0.07295099 -0.1142958  -0.99076414  0.        ]
 [-0.02936659  0.07865749 -0.05645015  1.        ]]",TRUE,TRUE,[ 0.05043307 -0.06526827 -0.02786984],[-0.04096402 -0.01594329  0.99903345],TRUE,[ 0.04890035 -0.01493365 -0.02896437],[-0.03899999 -0.06584077  0.9970677 ],TRUE,[ 0.05083148 -0.07845494 -0.02755517],[-0.04093238 -0.00321445  0.9991568 ],FALSE,0,FALSE,0,FALSE,0,TRUE
7.91235E+11,"[[ 0.03146368 -0.9931628   0.11241664  0.        ]
 [-0.9968845  -0.02304316  0.07543219  0.        ]
 [-0.072326   -0.11443979 -0.9907937   0.        ]
 [-0.02925715  0.07866074 -0.05652316  1.        ]]",TRUE,TRUE,[ 0.05042018 -0.0648467  -0.02789207],[-0.04190146 -0.01794409  0.99896055],TRUE,[ 0.04892495 -0.01533706 -0.02876562],[-0.04165732 -0.06838694  0.99678874],TRUE,[ 0.05083123 -0.07883312 -0.02785799],[-0.04405704 -0.00219397  0.99902666],FALSE,0,FALSE,0,FALSE,0,TRUE
7.91235E+11,"[[ 0.03151435 -0.99314696  0.11254287  0.        ]
 [-0.9969289  -0.02315688  0.07480954  0.        ]
 [-0.07169072 -0.11455481 -0.9908266   0.        ]
 [-0.02916483  0.07862775 -0.05657476  1.        ]]",TRUE,FALSE,[ 0.05042018 -0.0648467  -0.02789207],[-0.04190146 -0.01794409  0.99896055],TRUE,[ 0.04897888 -0.01605197 -0.02840598],[-0.04812538 -0.07526078  0.9960019 ],TRUE,[ 0.05081597 -0.07961174 -0.02852144],[-0.05098134 -0.0153808   0.9985812 ],FALSE,0,FALSE,0,FALSE,0,TRUE
7.91236E+11,"[[ 0.03155786 -0.99312913  0.11268808  0.        ]
 [-0.9969741  -0.02326393  0.07417187  0.        ]
 [-0.07104069 -0.1146878  -0.9908582   0.        ]
 [-0.02903165  0.07861783 -0.05665651  1.        ]]",TRUE,TRUE,[ 0.05039823 -0.06426615 -0.02795924],[-0.04352653 -0.02520924  0.9987343 ],TRUE,[ 0.04899055 -0.01644764 -0.02817441],[-0.04445615 -0.07970088  0.99582696],TRUE,[ 0.05078733 -0.07998332 -0.02877566],[-0.04705045 -0.01747423  0.9987397 ],FALSE,0,FALSE,0,FALSE,0,TRUE
7.91236E+11,"[[ 0.03155124 -0.99310243  0.11292505  0.        ]
 [-0.9970238  -0.0233202   0.07348237  0.        ]
 [-0.07034209 -0.11490742 -0.99088264  0.        ]
 [-0.02888994  0.07859173 -0.05675213  1.        ]]",TRUE,TRUE,[ 0.05037097 -0.06350532 -0.02802761],[-0.0438364  -0.02963969  0.998599  ],TRUE,[ 0.04899567 -0.01645596 -0.02816834],[-0.04217936 -0.08019486  0.9958863 ],TRUE,[ 0.05079568 -0.07996324 -0.02875567],[-0.04479991 -0.01483535  0.9988858 ],FALSE,0,FALSE,0,FALSE,0,TRUE
7.91236E+11,"[[ 0.03148186 -0.9930661   0.1132655   0.        ]
 [-0.9970776  -0.02331138  0.07275429  0.        ]
 [-0.06960946 -0.11522493 -0.9908979   0.        ]
 [-0.0287682   0.07853682 -0.05683492  1.        ]]",TRUE,TRUE,[ 0.05035034 -0.06297321 -0.02809069],[-0.04435895 -0.03195348  0.9985045 ],TRUE,[ 0.04897471 -0.01641653 -0.02816835],[-0.04314077 -0.0794011   0.99590874],TRUE,[ 0.05080365 -0.0799193  -0.02870735],[-0.04563933 -0.01357309  0.9988658 ],FALSE,0,FALSE,0,FALSE,0,TRUE
7.91236E+11,"[[ 0.03134513 -0.99302125  0.11369148  0.        ]
 [-0.9971317  -0.02322745  0.0720305   0.        ]
 [-0.06888704 -0.11562319 -0.990901    0.        ]
 [-0.02861052  0.07848619 -0.05693998  1.        ]]",TRUE,TRUE,[ 0.05032866 -0.06245323 -0.02815663],[-0.04500736 -0.03333134  0.99843043],TRUE,[ 0.04895816 -0.01640097 -0.02814322],[-0.04387264 -0.08033396  0.99580204],TRUE,[ 0.0508012  -0.07990389 -0.02867787],[-0.04647018 -0.01461091  0.9988128 ],FALSE,0,FALSE,0,FALSE,0,TRUE
7.91236E+11,"[[ 0.03116059 -0.99297124  0.11418217  0.        ]
 [-0.9971908  -0.02309978  0.07125581  0.        ]
 [-0.0681174  -0.11608178 -0.9909016   0.        ]
 [-0.02844518  0.07843158 -0.05705204  1.        ]]",TRUE,TRUE,[ 0.05030226 -0.06176132 -0.02821842],[-0.04489006 -0.03524019  0.9983702 ],TRUE,[ 0.04895564 -0.01640884 -0.02812152],[-0.04232535 -0.08048095  0.9958572 ],TRUE,[ 0.05080213 -0.07991618 -0.02867562],[-0.04502073 -0.01530178  0.9988689 ],FALSE,0,FALSE,0,FALSE,0,TRUE
7.91236E+11,"[[ 0.03094053 -0.9929201   0.11468354  0.        ]
 [-0.9972512  -0.02293789  0.07045358  0.        ]
 [-0.06732418 -0.11654817 -0.9909005   0.        ]
 [-0.02827843  0.07833245 -0.05711427  1.        ]]",TRUE,TRUE,[ 0.05028085 -0.06126955 -0.02828418],[-0.04541466 -0.03543147  0.99833965],TRUE,[ 0.04894782 -0.01639424 -0.02812074],[-0.0438203  -0.08067857  0.9957764 ],TRUE,[ 0.05079095 -0.07989835 -0.02865653],[-0.04671017 -0.01503221  0.99879533],FALSE,0,FALSE,0,FALSE,0,TRUE
7.91236E+11,"[[ 0.03066534 -0.99286336  0.11524858  0.        ]
 [-0.99731606 -0.02272379  0.06960206  0.        ]
 [-0.06648646 -0.11707363 -0.9908954   0.        ]
 [-0.02809624  0.07827555 -0.05723315  1.        ]]",TRUE,TRUE,[ 0.05026148 -0.06082653 -0.02834661],[-0.0457886  -0.03546695  0.9983213 ],TRUE,[ 0.04894084 -0.01635    -0.02814661],[-0.04399887 -0.07916493  0.9958901 ],TRUE,[ 0.05078736 -0.07986171 -0.02862334],[-0.046781  -0.0143418  0.9988023],FALSE,0,FALSE,0,FALSE,0,TRUE
7.91236E+11,"[[ 0.03014851 -0.99279153  0.11600117  0.        ]
 [-0.9974116  -0.02230179  0.06835888  0.        ]
 [-0.06527908 -0.11776183 -0.9908942   0.        ]
 [-0.02782825  0.07820585 -0.05741526  1.        ]]",TRUE,TRUE,[ 0.05024071 -0.06038423 -0.02840998],[-0.04680365 -0.03531989  0.9982795 ],TRUE,[ 0.04892415 -0.0163176  -0.02816672],[-0.04622397 -0.07845069  0.99584585],TRUE,[ 0.050777   -0.07984308 -0.02859566],[-0.04892485 -0.01503934  0.99868923],FALSE,0,FALSE,0,FALSE,0,TRUE
7.91237E+11,"[[ 0.02968323 -0.9927497   0.11647688  0.        ]
 [-0.9974835  -0.02191353  0.06742677  0.        ]
 [-0.06438547 -0.11818521 -0.9909018   0.        ]
 [-0.02764674  0.07814064 -0.05751266  1.        ]]",TRUE,TRUE,[ 0.05021957 -0.05993334 -0.02846859],[-0.04736384 -0.03524992  0.99825555],TRUE,[ 0.04891832 -0.01628931 -0.02818391],[-0.04591383 -0.07837625  0.99586594],TRUE,[ 0.05077547 -0.07980564 -0.02856111],[-0.04861266 -0.01388782  0.9987211 ],FALSE,0,FALSE,0,FALSE,0,TRUE
7.91237E+11,"[[ 0.02913541 -0.9927103   0.11694884  0.        ]
 [-0.99756247 -0.02145553  0.06639615  0.        ]
 [-0.06340294 -0.11859826 -0.99091566  0.        ]
 [-0.02743877  0.07810761 -0.0576506   1.        ]]",TRUE,TRUE,[ 0.05022158 -0.06025415 -0.02850116],[-0.04844126 -0.03432329  0.9982362 ],TRUE,[ 0.04891264 -0.01624839 -0.0282133 ],[-0.04777113 -0.07807216  0.99580246],TRUE,[ 0.05077074 -0.07977922 -0.02853141],[-0.05050228 -0.01510699  0.99860966],FALSE,0,FALSE,0,FALSE,0,TRUE
7.91237E+11,"[[ 0.02853829 -0.9926778   0.11737337  0.        ]
 [-0.997645   -0.02095914  0.06530984  0.        ]
 [-0.06237159 -0.11896078 -0.9909382   0.        ]
 [-0.02722286  0.07808641 -0.05779659  1.        ]]",TRUE,TRUE,[ 0.05022099 -0.06036089 -0.02848587],[-0.04925224 -0.0348599   0.9981778 ],TRUE,[ 0.04890988 -0.01624566 -0.02820326],[-0.04805733 -0.07871486  0.9957381 ],TRUE,[ 0.05076306 -0.0797638  -0.02852076],[-0.05096447 -0.01430572  0.99859804],FALSE,0,FALSE,0,FALSE,0,TRUE
7.91237E+11,"[[ 0.02790397 -0.9926537   0.11772853  0.        ]
 [-0.9977293  -0.02043533  0.06417772  0.        ]
 [-0.06130044 -0.11925201 -0.9909699   0.        ]
 [-0.02701208  0.07803972 -0.05790781  1.        ]]",TRUE,TRUE,[ 0.05021743 -0.06039137 -0.02847211],[-0.05021435 -0.03549363  0.9981076 ],TRUE,[ 0.04891054 -0.01622442 -0.02821971],[-0.0494472  -0.07729262  0.9957816 ],TRUE,[ 0.05076258 -0.07976208 -0.02851777],[-0.05213296 -0.01494434  0.99852836],FALSE,0,FALSE,0,FALSE,0,TRUE
7.91237E+11,"[[ 0.02727449 -0.9926339   0.11804082  0.        ]
 [-0.9978145  -0.01992488  0.06299783  0.        ]
 [-0.06018182 -0.11950108 -0.9910079   0.        ]
 [-0.02679119  0.07804392 -0.05805286  1.        ]]",TRUE,TRUE,[ 0.05021223 -0.06037845 -0.02846018],[-0.05134355 -0.03557295  0.9980473 ],TRUE,[ 0.04890162 -0.01621554 -0.02822476],[-0.05100283 -0.07750195  0.99568677],TRUE,[ 0.05075948 -0.07974342 -0.02850317],[-0.05341299 -0.01399388  0.9984744 ],FALSE,0,FALSE,0,FALSE,0,TRUE
7.91237E+11,"[[ 0.02665287 -0.9926158   0.11833484  0.        ]
 [-0.9979006  -0.01942945  0.06177872  0.        ]
 [-0.05902334 -0.11973298 -0.99104977  0.        ]
 [-0.02656733  0.07805504 -0.0582088   1.        ]]",TRUE,TRUE,[ 0.05020064 -0.0601327  -0.0284488 ],[-0.05247265 -0.03605521  0.9979713 ],TRUE,[ 0.04889768 -0.01616698 -0.02825966],[-0.0519681  -0.07656721  0.9957091 ],TRUE,[ 0.05075581 -0.07971376 -0.02847557],[-0.05457572 -0.01512638  0.998395  ],FALSE,0,FALSE,0,FALSE,0,TRUE
7.91237E+11,"[[ 0.02602619 -0.99260163  0.11859392  0.        ]
 [-0.9979862  -0.01893425  0.06053836  0.        ]
 [-0.05784499 -0.11993068 -0.99109554  0.        ]
 [-0.02635588  0.0780265  -0.05832785  1.        ]]",TRUE,TRUE,[ 0.05020138 -0.06031271 -0.02843929],[-0.05297435 -0.03547307  0.99796563],TRUE,[ 0.04888945 -0.01612255 -0.0282902 ],[-0.05118706 -0.07578892  0.99580926],TRUE,[ 0.05075574 -0.07967171 -0.02843894],[-0.05375486 -0.01466968  0.9984464 ],FALSE,0,FALSE,0,FALSE,0,TRUE
7.91237E+11,"[[ 0.02538061 -0.9925839   0.11888412  0.        ]
 [-0.99807    -0.01841784  0.05930824  0.        ]
 [-0.05667884 -0.12015993 -0.9911356   0.        ]
 [-0.02614203  0.07801954 -0.05846697  1.        ]]",TRUE,TRUE,[ 0.0501916  -0.06011897 -0.02843082],[-0.05466629 -0.03650442  0.99783725],TRUE,[ 0.0488763  -0.01609795 -0.02830579],[-0.05504158 -0.07702968  0.9955083 ],TRUE,[ 0.05075282 -0.07967571 -0.02846686],[-0.05772926 -0.01894386  0.9981525 ],FALSE,0,FALSE,0,FALSE,0,TRUE
7.91237E+11,"[[ 0.02470714 -0.99255884  0.11923341  0.        ]
 [-0.9981501  -0.0178653   0.05811409  0.        ]
 [-0.05555153 -0.12044867 -0.9911641   0.        ]
 [-0.02593848  0.07799499 -0.05860868  1.        ]]",TRUE,TRUE,[ 0.05018986 -0.06019369 -0.02842425],[-0.05553021 -0.03641213  0.99779296],TRUE,[ 0.04887665 -0.01608617 -0.02831242],[-0.05411244 -0.07707928  0.9955554 ],TRUE,[ 0.05074934 -0.07965714 -0.02845374],[-0.05688902 -0.01828631  0.99821305],FALSE,0,FALSE,0,FALSE,0,TRUE
7.91238E+11,"[[ 0.02399987 -0.9925322   0.11959793  0.        ]
 [-0.9982286  -0.01727748  0.0569285   0.        ]
 [-0.054437   -0.12075235 -0.9911885   0.        ]
 [-0.02575425  0.07793593 -0.0586922   1.        ]]",TRUE,TRUE,[ 0.05018849 -0.06025631 -0.02841641],[-0.05609427 -0.03605814  0.9977742 ],TRUE,[ 0.04886628 -0.01605416 -0.0283286 ],[-0.05401757 -0.07723241  0.9955487 ],TRUE,[ 0.05074554 -0.07962016 -0.02841634],[-0.05686064 -0.01788236  0.998222  ],FALSE,0,FALSE,0,FALSE,0,TRUE
7.91238E+11,"[[ 0.02328271 -0.9925079   0.11994241  0.        ]
 [-0.99830514 -0.01668084  0.05575675  0.        ]
 [-0.05333827 -0.12103729 -0.99121416  0.        ]
 [-0.02557372  0.07790941 -0.05881888  1.        ]]",TRUE,TRUE,[ 0.0501927  -0.06051366 -0.02840877],[-0.05549224 -0.03473325  0.9978549 ],TRUE,[ 0.04886369 -0.01605251 -0.02829809],[-0.05120575 -0.07686798  0.99572545],TRUE,[ 0.05074132 -0.0795953  -0.0283939 ],[-0.05405086 -0.01507999  0.9984243 ],FALSE,0,FALSE,0,FALSE,0,TRUE
7.91238E+11,"[[ 0.02262402 -0.9924854   0.12025207  0.        ]
 [-0.9983753  -0.016137    0.05464513  0.        ]
 [-0.05229397 -0.12129299 -0.991238    0.        ]
 [-0.02540564  0.0778853  -0.05894481  1.        ]]",TRUE,TRUE,[ 0.05018884 -0.06048841 -0.02839995],[-0.05519703 -0.0333653   0.99791783],TRUE,[ 0.04885968 -0.01604989 -0.0282937 ],[-0.05150928 -0.07708134  0.9956934 ],TRUE,[ 0.05073928 -0.07957943 -0.02838491],[-0.05443809 -0.01376973  0.9984222 ],FALSE,0,FALSE,0,FALSE,0,TRUE
7.91238E+11,"[[ 0.02150071 -0.99244404  0.12079995  0.        ]
 [-0.99849844 -0.01522672  0.05262329  0.        ]
 [-0.05038629 -0.12175    -0.9912813   0.        ]
 [-0.02512013  0.07782018 -0.05912332  1.        ]]",TRUE,TRUE,[ 0.05020821 -0.06136205 -0.02838278],[-0.05483362 -0.0309868   0.99801457],TRUE,[ 0.04884204 -0.01601009 -0.02831915],[-0.05139593 -0.07724548  0.9956865 ],TRUE,[ 0.05072856 -0.07951679 -0.02831468],[-0.05429207 -0.01150292  0.99845886],FALSE,0,FALSE,0,FALSE,0,TRUE
7.91238E+11,"[[ 0.02102429 -0.9924204   0.12107834  0.        ]
 [-0.9985514  -0.01484454  0.05171837  0.        ]
 [-0.04952901 -0.12199029 -0.99129486  0.        ]
 [-0.0249924   0.07780638 -0.05922139  1.        ]]",TRUE,TRUE,[ 0.05022265 -0.06198737 -0.02837108],[-0.05449698 -0.02928093  0.9980846 ],TRUE,[ 0.04883958 -0.01596902 -0.02834873],[-0.05088278 -0.07625124  0.99578947],TRUE,[ 0.05071809 -0.07948477 -0.02828087],[-0.05373008 -0.01147707  0.9984895 ],FALSE,0,FALSE,0,FALSE,0,TRUE
7.91238E+11,"[[ 0.0205965  -0.9923922   0.12138349  0.        ]
 [-0.9986012  -0.01450646  0.05084806  0.        ]
 [-0.0487004  -0.12226097 -0.99130297  0.        ]
 [-0.02487748  0.07776339 -0.05928873  1.        ]]",TRUE,TRUE,[ 0.05023687 -0.0625815  -0.02836024],[-0.05435751 -0.02856565  0.9981129 ],TRUE,[ 0.04884091 -0.01595132 -0.02836547],[-0.05122238 -0.07607301  0.99578565],TRUE,[ 0.05072306 -0.07947004 -0.02827195],[-0.05408058 -0.01165828  0.9984685 ],FALSE,0,FALSE,0,FALSE,0,TRUE
7.91238E+11,"[[ 0.02023453 -0.9923578   0.12172255  0.        ]
 [-0.9986461  -0.01422524  0.05003514  0.        ]
 [-0.04792121 -0.12257019 -0.991302    0.        ]
 [-0.02476871  0.07773501 -0.05936925  1.        ]]",TRUE,TRUE,[ 0.0503527  -0.06006936 -0.02835296],[-0.0362302 -0.0280361  0.9989502],TRUE,[ 0.04903536 -0.01580912 -0.02857026],[-0.03499663 -0.0692622   0.9969844 ],TRUE,[ 0.05092713 -0.07936952 -0.02825821],[-0.03674873 -0.01004405  0.999274  ],FALSE,0,FALSE,0,FALSE,0,TRUE
7.91238E+11,"[[ 0.01990628 -0.99231863  0.1220958   0.        ]
 [-0.99868727 -0.01397049  0.0492793   0.        ]
 [-0.04719502 -0.12291649 -0.991294    0.        ]
 [-0.0246709   0.07769223 -0.05944769  1.        ]]",TRUE,FALSE,[ 0.0503527  -0.06006936 -0.02835296],[-0.0362302 -0.0280361  0.9989502],TRUE,[ 0.04939804 -0.01581395 -0.02865411],[ 0.01042571 -0.06379078  0.99790883],TRUE,[ 0.0512535  -0.07923253 -0.02832064],[0.00792101 0.00957108 0.99992275],FALSE,0,FALSE,0,FALSE,0,TRUE
7.91239E+11,"[[ 0.01954162 -0.9922672   0.12257132  0.        ]
 [-0.99872404 -0.01366329  0.04861436  0.        ]
 [-0.04656369 -0.12336493 -0.99126804  0.        ]
 [-0.02458225  0.07761464 -0.05950677  1.        ]]",TRUE,TRUE,[ 0.05069618 -0.05457478 -0.02847723],[ 0.02042538 -0.01526476  0.99967486],TRUE,[ 0.04956473 -0.01585273 -0.02861114],[ 0.02239516 -0.06335443  0.99773973],TRUE,[ 0.05141627 -0.07921872 -0.02839201],[0.0191471  0.01535953 0.99969876],FALSE,0,FALSE,0,FALSE,0,TRUE
7.91239E+11,"[[ 0.01919258 -0.99219286  0.12322719  0.        ]
 [-0.99875367 -0.01334655  0.04809199  0.        ]
 [-0.04607186 -0.12399662 -0.99121237  0.        ]
 [-0.02451834  0.07753156 -0.0595856   1.        ]]",TRUE,TRUE,[ 0.0507396  -0.05615987 -0.02845647],[ 0.01892049 -0.01698394  0.9996768 ],TRUE,[ 0.04955141 -0.01572688 -0.02868545],[ 0.01816661 -0.06457995  0.9977471 ],TRUE,[ 0.05141181 -0.07919674 -0.02830822],[0.01507099 0.00250867 0.99988335],FALSE,0,FALSE,0,FALSE,0,TRUE
7.91239E+11,"[[ 0.01887667 -0.9920971   0.12404363  0.        ]
 [-0.9987746  -0.01303446  0.04774     0.        ]
 [-0.04574586 -0.12479281 -0.9911275   0.        ]
 [-0.02447005  0.07742816 -0.05964955  1.        ]]",TRUE,TRUE,[ 0.05075002 -0.05673501 -0.02843511],[ 0.01741803 -0.01808768  0.9996847 ],TRUE,[ 0.04953185 -0.01578394 -0.02858489],[ 0.01684116 -0.06608488  0.99767184],TRUE,[ 0.05139913 -0.07923371 -0.02829479],[0.01370374 0.00341827 0.9999002 ],FALSE,0,FALSE,0,FALSE,0,TRUE
